City_ID,City,Country,Date,Lat,Lng,Max Temp,Humidity,Cloudiness,Wind Speed
0,Cherskiy,RU,2022-05-13 00:20:10,68.75,161.3,33.98,99,65,10.51
1,Ancud,CL,2022-05-13 00:20:11,-41.8697,-73.8203,48.15,71,33,14.14
2,Mahebourg,MU,2022-05-13 00:20:11,-20.4081,57.7,71.26,78,63,11.77
3,East London,ZA,2022-05-13 00:15:15,-33.0153,27.9116,62.49,79,0,13.91
4,Paracuru,BR,2022-05-13 00:20:12,-3.41,-39.0306,82.11,89,25,8.48
5,Te Anau,NZ,2022-05-13 00:20:13,-45.4167,167.7167,54.5,67,100,4.56
6,Port Hardy,CA,2022-05-13 00:20:13,50.6996,-127.4199,50.0,81,75,13.8
7,Saldanha,ZA,2022-05-13 00:16:00,-33.0117,17.9442,57.29,82,64,8.52
8,Termoli,IT,2022-05-13 00:20:14,41.9888,14.9895,64.58,65,14,6.02
9,Vaini,TO,2022-05-13 00:20:15,-21.2,-175.2,77.16,57,75,16.11
10,Okha,RU,2022-05-13 00:20:15,53.5739,142.9478,36.75,95,100,5.73
11,Dunedin,NZ,2022-05-13 00:20:16,-45.8742,170.5036,56.17,52,90,1.25
12,Albany,US,2022-05-13 00:19:02,42.6001,-73.9662,77.41,60,62,5.03
13,Oksfjord,NO,2022-05-13 00:20:16,70.2396,22.3479,35.01,99,100,8.99
14,Tallahassee,US,2022-05-13 00:16:04,30.4383,-84.2807,80.8,57,47,5.14
15,Yuncheng,CN,2022-05-13 00:20:17,35.0231,110.9928,58.19,70,63,7.0
16,Kodiak,US,2022-05-13 00:20:18,57.79,-152.4072,45.91,71,100,8.05
17,Sur,OM,2022-05-13 00:20:19,22.5667,59.5289,87.39,31,34,11.43
18,Bethel,US,2022-05-13 00:20:19,41.3712,-73.414,71.69,60,0,4.61
19,Kaeo,NZ,2022-05-13 00:20:20,-35.1,173.7833,63.23,60,10,6.02
20,Flin Flon,CA,2022-05-13 00:20:21,54.7682,-101.865,63.66,36,66,9.35
21,Punta Arenas,CL,2022-05-13 00:20:22,-53.15,-70.9167,42.12,87,40,6.91
22,Mataura,NZ,2022-05-13 00:20:22,-46.1927,168.8643,53.28,70,100,2.35
23,Bengkulu,ID,2022-05-13 00:20:23,-3.8004,102.2655,75.85,86,98,3.27
24,Caravelas,BR,2022-05-13 00:16:03,-17.7125,-39.2481,74.89,87,34,5.64
25,Lata,PT,2022-05-13 00:20:23,40.1629,-8.3327,57.22,69,44,1.95
26,Barrow,US,2022-05-13 00:20:24,71.2906,-156.7887,26.62,74,100,9.22
27,Bluff,NZ,2022-05-13 00:20:24,-46.6,168.3333,53.71,74,100,8.57
28,Ribeira Grande,PT,2022-05-13 00:20:25,38.5167,-28.7,61.5,68,90,13.44
29,Carnarvon,AU,2022-05-13 00:20:26,-24.8667,113.6333,64.47,94,100,13.8
30,Kapaa,US,2022-05-13 00:20:26,22.0752,-159.319,82.38,76,40,16.11
31,Camopi,GF,2022-05-13 00:20:27,3.1655,-52.3158,72.41,98,15,2.75
32,Bambous Virieux,MU,2022-05-13 00:20:27,-20.3428,57.7575,71.22,79,57,12.62
33,Victoria,HK,2022-05-13 00:17:42,22.2855,114.1577,79.95,94,100,5.99
34,Tuktoyaktuk,CA,2022-05-13 00:20:28,69.4541,-133.0374,48.2,53,75,10.36
35,Pisco,PE,2022-05-13 00:20:29,-13.7,-76.2167,66.02,88,5,3.44
36,Puerto Asis,CO,2022-05-13 00:20:29,0.5133,-76.5007,72.3,96,63,2.06
37,Dera Ghazi Khan,PK,2022-05-13 00:20:30,30.0561,70.6348,91.36,6,0,8.66
38,Freetown,SL,2022-05-13 00:20:30,8.484,-13.2299,77.43,89,100,7.4
39,Solotcha,RU,2022-05-13 00:20:31,54.7917,39.8442,51.44,84,98,19.86
40,Hermanus,ZA,2022-05-13 00:20:32,-34.4187,19.2345,57.79,76,28,9.8
41,Rikitea,PF,2022-05-13 00:20:32,-23.1203,-134.9692,77.61,69,4,17.58
42,Saint-Joseph,RE,2022-05-13 00:20:33,-21.3667,55.6167,70.18,71,18,5.84
43,Niamey,NE,2022-05-13 00:20:33,13.5137,2.1098,97.09,30,0,6.91
44,Cape Town,ZA,2022-05-13 00:19:35,-33.9258,18.4232,58.1,93,100,5.75
45,Saint George,US,2022-05-13 00:20:35,37.1041,-113.5841,74.62,12,0,9.22
46,Hasaki,JP,2022-05-13 00:20:35,35.7333,140.8333,68.4,95,100,7.11
47,Kizema,RU,2022-05-13 00:20:36,61.113,44.8302,41.09,83,74,8.61
48,Malakal,SS,2022-05-13 00:20:37,9.5334,31.6605,82.36,51,94,6.24
49,Yellowknife,CA,2022-05-13 00:20:37,62.456,-114.3525,46.92,53,20,12.66
50,Richards Bay,ZA,2022-05-13 00:20:38,-28.783,32.0377,67.15,91,1,8.08
51,Kahului,US,2022-05-13 00:20:38,20.8947,-156.47,86.02,42,40,24.16
52,Cockburn Town,TC,2022-05-13 00:20:39,21.4612,-71.1419,79.54,80,98,21.05
53,Souillac,MU,2022-05-13 00:20:39,-20.5167,57.5167,74.37,78,87,9.15
54,Provideniya,RU,2022-05-13 00:20:40,64.3833,-173.3,39.36,70,75,4.47
55,New Norfolk,AU,2022-05-13 00:20:40,-42.7826,147.0587,53.92,70,43,0.72
56,Ushuaia,AR,2022-05-13 00:20:41,-54.8,-68.3,42.46,93,75,4.61
57,Wewak,PG,2022-05-13 00:20:42,-3.5534,143.6268,85.57,62,75,2.62
58,Fortuna,US,2022-05-13 00:20:42,40.5982,-124.1573,57.09,66,100,6.91
59,Khatanga,RU,2022-05-13 00:20:43,71.9667,102.5,14.16,92,12,12.03
60,Nanakuli,US,2022-05-13 00:20:43,21.3906,-158.1547,84.15,50,0,16.11
61,Grindavik,IS,2022-05-13 00:20:45,63.8424,-22.4338,36.07,75,20,16.11
62,Hamilton,US,2022-05-13 00:17:31,39.1834,-84.5333,80.44,46,0,9.22
63,Chuy,UY,2022-05-13 00:20:45,-33.6971,-53.4616,52.57,71,16,4.83
64,Busselton,AU,2022-05-13 00:20:46,-33.65,115.3333,56.35,71,84,16.96
65,Najran,SA,2022-05-13 00:20:47,17.4924,44.1277,77.65,18,2,2.44
66,Pochutla,MX,2022-05-13 00:20:47,15.7432,-96.4661,91.22,58,32,8.16
67,Key Largo,US,2022-05-13 00:18:00,25.0865,-80.4473,77.0,60,10,1.61
68,Zarubino,RU,2022-05-13 00:20:49,42.63,131.0922,52.77,52,82,4.7
69,Castro,BR,2022-05-13 00:20:49,-24.7911,-50.0119,54.7,91,10,1.34
70,Puerto Escondido,MX,2022-05-13 00:20:50,15.85,-97.0667,88.63,62,40,5.75
71,Tual,ID,2022-05-13 00:20:50,-5.6667,132.75,84.24,71,99,5.35
72,Kaitangata,NZ,2022-05-13 00:20:51,-46.2817,169.8464,54.14,60,93,3.8
73,Gallipoli,TR,2022-05-13 00:20:51,40.4103,26.6708,49.86,55,4,6.35
74,Tacoronte,ES,2022-05-13 00:20:52,28.4769,-16.4102,65.25,92,100,16.11
75,Mar Del Plata,AR,2022-05-13 00:17:16,-38.0023,-57.5575,56.95,78,40,17.0
76,Bredasdorp,ZA,2022-05-13 00:20:53,-34.5322,20.0403,54.41,74,6,7.52
77,Emborion,GR,2022-05-13 00:20:53,40.4833,21.55,53.96,81,29,2.48
78,Sibolga,ID,2022-05-13 00:20:54,1.7427,98.7792,77.25,84,86,3.09
79,Hilo,US,2022-05-13 00:20:54,19.7297,-155.09,83.28,71,20,10.36
80,Axim,GH,2022-05-13 00:20:55,4.8699,-2.2405,80.08,83,98,7.09
81,Isangel,VU,2022-05-13 00:20:55,-19.55,169.2667,80.71,61,75,9.22
82,Souris,CA,2022-05-13 00:20:56,49.6172,-100.2612,57.06,77,93,22.41
83,Sao Joao Da Barra,BR,2022-05-13 00:20:56,-21.6403,-41.0511,72.81,80,70,12.03
84,Del Rio,US,2022-05-13 00:20:57,29.3627,-100.8968,98.62,26,0,19.57
85,San Luis,AR,2022-05-13 00:20:57,-33.295,-66.3356,58.33,70,99,8.21
86,Atuona,PF,2022-05-13 00:20:58,-9.8,-139.0333,78.94,78,17,23.13
87,Shelburne,CA,2022-05-13 00:20:58,44.0787,-80.2041,75.99,78,100,6.31
88,Mumford,GH,2022-05-13 00:20:59,5.2618,-0.759,81.03,82,90,7.16
89,Jamestown,US,2022-05-13 00:21:00,42.097,-79.2353,76.64,43,0,1.01
90,Kouqian,CN,2022-05-13 00:21:00,43.6391,126.4578,54.88,40,55,4.94
91,Baykit,RU,2022-05-13 00:21:02,61.67,96.37,45.75,83,82,1.28
92,Barroquinha,BR,2022-05-13 00:21:02,-3.0189,-41.1361,74.55,97,44,4.61
93,Puerto Ayora,EC,2022-05-13 00:21:03,-0.7393,-90.3518,72.55,94,47,1.01
94,Tutoia,BR,2022-05-13 00:21:04,-2.7619,-42.2744,77.49,90,53,5.84
95,Phan Thiet,VN,2022-05-13 00:17:24,10.9333,108.1,82.06,79,89,5.55
96,Tecoanapa,MX,2022-05-13 00:21:04,16.5167,-98.75,86.63,67,8,8.79
97,Georgetown,MY,2022-05-13 00:21:05,5.4112,100.3354,82.33,88,20,3.44
98,Avera,US,2022-05-13 00:21:06,33.194,-82.5271,75.38,79,82,8.7
99,Nanortalik,GL,2022-05-13 00:21:07,60.1432,-45.2371,33.62,86,100,0.83
100,Kadoma,JP,2022-05-13 00:21:08,34.7333,135.5833,70.18,77,75,6.91
101,Aklavik,CA,2022-05-13 00:21:08,68.2191,-135.0107,47.21,62,100,5.68
102,Pevek,RU,2022-05-13 00:21:09,69.7008,170.3133,25.45,82,92,15.99
103,Nikolskoye,RU,2022-05-13 00:21:09,59.7035,30.7861,47.88,86,97,11.72
104,Nizwa,OM,2022-05-13 00:21:10,22.9333,57.5333,80.42,18,98,1.25
105,Luderitz,NA,2022-05-13 00:21:10,-26.6481,15.1594,54.99,76,36,10.87
106,Russell,US,2022-05-13 00:21:11,32.3502,-85.1999,82.0,39,0,4.61
107,Road Town,VG,2022-05-13 00:21:12,18.4167,-64.6167,80.69,83,40,13.8
108,Hobart,AU,2022-05-13 00:21:12,-42.8794,147.3294,54.27,95,75,9.22
109,Moron,AR,2022-05-13 00:21:14,-34.6534,-58.6198,59.97,79,57,6.85
110,Upernavik,GL,2022-05-13 00:21:15,72.7868,-56.1549,11.7,91,13,5.59
111,Minbu,MM,2022-05-13 00:21:15,20.1833,94.8833,82.11,73,8,8.46
112,Gejiu,CN,2022-05-13 00:21:16,23.306,103.1635,57.99,90,64,1.86
113,Biak,ID,2022-05-13 00:21:16,-0.9131,122.8766,79.84,81,100,1.19
114,Mandera,KE,2022-05-13 00:21:17,3.9366,41.867,78.39,75,38,13.76
115,Durant,US,2022-05-13 00:21:18,33.994,-96.3708,87.96,46,0,12.66
116,Geraldton,AU,2022-05-13 00:21:18,-28.7667,114.6,55.81,88,75,9.22
117,Tasiilaq,GL,2022-05-13 00:21:19,65.6145,-37.6368,26.76,65,27,3.4
118,Ilulissat,GL,2022-05-13 00:21:19,69.2167,-51.1,23.02,74,100,8.05
119,Slave Lake,CA,2022-05-13 00:21:20,55.2834,-114.769,60.78,39,100,6.91
120,Bubaque,GW,2022-05-13 00:18:06,11.2833,-15.8333,77.43,82,13,14.29
121,Dwarka,IN,2022-05-13 00:21:21,22.2394,68.9678,82.29,81,4,15.61
122,Itoman,JP,2022-05-13 00:21:21,26.1247,127.6694,79.57,96,75,16.11
123,Katsuura,JP,2022-05-13 00:21:22,35.1333,140.3,68.11,98,100,12.77
124,Adrar,MR,2022-05-13 00:21:23,20.5022,-10.0711,88.09,12,3,8.55
125,Kombissiri,BF,2022-05-13 00:21:23,12.0656,-1.3375,87.39,52,29,9.64
126,Aksu,CN,2022-05-13 00:17:15,41.1231,80.2644,64.13,47,100,3.85
127,Bariri,BR,2022-05-13 00:21:07,-22.0744,-48.7403,71.85,75,1,3.76
128,Pacific Grove,US,2022-05-13 00:21:24,36.6177,-121.9166,69.89,67,0,11.5
129,Narsaq,GL,2022-05-13 00:21:25,60.9167,-46.05,41.22,87,100,1.81
130,Ekhabi,RU,2022-05-13 00:21:25,53.5102,142.9671,37.06,96,100,5.84
131,Norman Wells,CA,2022-05-13 00:21:26,65.282,-126.8329,60.84,29,40,2.3
132,Ballina,AU,2022-05-13 00:21:27,-28.8667,153.5667,70.79,87,100,18.23
133,Tuatapere,NZ,2022-05-13 00:21:27,-46.1333,167.6833,54.88,73,100,4.07
134,Port Lincoln,AU,2022-05-13 00:21:28,-34.7333,135.8667,60.87,73,89,11.52
135,Berlevag,NO,2022-05-13 00:21:28,70.8578,29.0864,35.55,87,100,11.5
136,Sonqor,IR,2022-05-13 00:21:29,34.7837,47.6004,45.7,55,2,1.7
137,Cape Canaveral,US,2022-05-13 00:21:30,28.4058,-80.6048,74.08,78,20,11.5
138,Guaraniacu,BR,2022-05-13 00:21:31,-25.1008,-52.8781,51.28,92,0,1.72
139,Tulun,RU,2022-05-13 00:21:32,54.5611,100.5792,50.38,38,100,3.22
140,Naze,JP,2022-05-13 00:21:32,28.3667,129.4833,70.72,83,95,17.11
141,Markova,UA,2022-05-13 00:21:33,48.6758,24.4138,58.14,93,82,3.2
142,Batagay-Alyta,RU,2022-05-13 00:21:33,67.8006,130.4114,30.83,92,99,7.14
143,Westport,US,2022-05-13 00:21:34,41.1415,-73.3579,68.56,87,0,11.5
144,Coruripe,BR,2022-05-13 00:21:34,-10.1256,-36.1756,76.84,82,9,6.85
145,Nauen,DE,2022-05-13 00:21:35,52.607,12.8737,58.15,80,61,4.38
146,Boly,HU,2022-05-13 00:21:35,45.9672,18.5183,68.68,78,39,2.48
147,Thatcham,GB,2022-05-13 00:21:36,51.4037,-1.2605,52.3,83,74,11.41
148,Port Macquarie,AU,2022-05-13 00:21:36,-31.4333,152.9167,71.89,94,75,5.75
149,Umba,RU,2022-05-13 00:21:37,66.6871,34.3429,38.98,94,96,2.77
150,Henties Bay,NA,2022-05-13 00:21:38,-22.116,14.2845,57.99,84,45,7.65
151,Saskylakh,RU,2022-05-13 00:21:38,71.9167,114.0833,14.76,91,58,16.04
152,Torbay,CA,2022-05-13 00:17:48,47.6666,-52.7314,39.76,81,20,20.0
153,Wadi Maliz,TN,2022-05-13 00:21:39,36.4681,8.5495,55.06,55,0,1.52
154,Touros,BR,2022-05-13 00:21:39,-5.1989,-35.4608,77.58,88,14,10.02
155,Esperance,AU,2022-05-13 00:21:40,-33.8667,121.9,55.83,75,96,23.78
156,Salym,RU,2022-05-13 00:21:40,60.0625,71.4789,48.52,93,19,3.29
157,Airai,TL,2022-05-13 00:21:41,-8.9266,125.4092,68.63,73,80,1.14
158,Tagusao,PH,2022-05-13 00:21:41,9.1924,117.8141,83.46,76,74,2.8
159,Salalah,OM,2022-05-13 00:21:42,17.0151,54.0924,84.29,42,7,3.44
160,Roebourne,AU,2022-05-13 00:21:42,-20.7833,117.1333,80.69,77,97,17.96
161,Vierzon,FR,2022-05-13 00:21:43,47.2101,2.0625,61.39,86,100,2.91
162,Werda,BW,2022-05-13 00:21:43,-25.2667,23.2833,62.94,35,1,8.08
163,Iqaluit,CA,2022-05-13 00:21:44,63.7506,-68.5145,20.93,79,40,11.5
164,Nyurba,RU,2022-05-13 00:21:44,63.2842,118.3319,41.81,87,99,5.91
165,Isla Vista,US,2022-05-13 00:21:45,34.4133,-119.861,83.3,30,0,14.97
166,San Miguel,SV,2022-05-13 00:21:45,13.4833,-88.1833,83.71,64,13,5.37
167,Mbandaka,CD,2022-05-13 00:21:46,0.0487,18.2603,70.47,87,14,3.11
168,Taoudenni,ML,2022-05-13 00:21:46,22.6783,-3.9836,87.57,10,0,16.4
169,Aykhal,RU,2022-05-13 00:21:47,66.0,111.5,28.83,95,100,8.25
170,Inta,RU,2022-05-13 00:21:47,66.0317,60.1659,41.47,81,66,9.22
171,Surt,LY,2022-05-13 00:21:48,31.2089,16.5887,64.31,70,0,6.82
172,Lebu,CL,2022-05-13 00:17:45,-37.6167,-73.65,52.09,89,69,5.01
173,Zharkent,KZ,2022-05-13 00:21:49,44.1628,80.0,61.03,63,23,5.75
174,Sao Domingos Do Maranhao,BR,2022-05-13 00:21:49,-5.5758,-44.3853,73.56,96,94,2.42
175,Barcelos,PT,2022-05-13 00:21:50,41.5388,-8.6151,65.91,74,86,2.13
176,Pitelino,RU,2022-05-13 00:21:50,54.5777,41.8145,52.41,88,87,21.14
177,Nyrob,RU,2022-05-13 00:21:51,60.733,56.7202,41.85,85,58,4.25
178,Mahon,ES,2022-05-13 00:21:51,39.8885,4.2658,61.36,94,0,4.61
179,Sayyan,YE,2022-05-13 00:21:52,15.1718,44.3244,62.47,20,10,10.49
180,Abbeville,FR,2022-05-13 00:21:52,50.1,1.8333,53.56,94,12,8.3
181,Tezu,IN,2022-05-13 00:21:53,27.9167,96.1667,70.57,98,80,3.47
182,Cidreira,BR,2022-05-13 00:21:53,-30.1811,-50.2056,58.12,83,4,6.6
183,Corbelia,BR,2022-05-13 00:21:55,-24.7989,-53.3067,54.91,87,0,3.65
184,Pontianak,ID,2022-05-13 00:21:55,-0.0333,109.3333,76.98,94,20,3.44
185,Yeppoon,AU,2022-05-13 00:21:56,-23.1333,150.7333,73.18,87,100,4.94
186,Suntar,RU,2022-05-13 00:21:56,62.1444,117.6319,44.24,90,91,6.22
187,Avarua,CK,2022-05-13 00:21:57,-21.2078,-159.775,84.25,84,75,10.36
188,Troitskoye,RU,2022-05-13 00:21:57,52.9821,84.6757,55.67,50,55,3.74
189,Bilibino,RU,2022-05-13 00:21:58,68.0546,166.4372,32.18,91,64,3.83
190,Kavaratti,IN,2022-05-13 00:21:58,10.5669,72.642,83.59,76,99,14.23
191,Brorup,DK,2022-05-13 00:21:59,55.4819,9.0176,50.43,94,55,8.63
192,Kovdor,RU,2022-05-13 00:21:59,67.5662,30.4758,37.17,90,53,2.13
193,Faanui,PF,2022-05-13 00:22:00,-16.4833,-151.75,82.27,67,8,16.67
194,Pedro Juan Caballero,PY,2022-05-13 00:22:00,-22.5472,-55.7333,56.16,77,0,5.77
195,Lorengau,PG,2022-05-13 00:22:01,-2.0226,147.2712,84.94,67,96,6.58
196,Nome,US,2022-05-13 00:22:02,64.5011,-165.4064,41.16,75,40,23.02
197,Kapoeta,SS,2022-05-13 00:22:02,4.7717,33.5903,76.5,64,92,5.73
198,Puro,PH,2022-05-13 00:22:03,12.4841,123.3827,84.22,70,54,7.76
199,San Cristobal,VE,2022-05-13 00:22:03,7.7669,-72.225,71.78,90,91,3.06
200,Mokolo,CM,2022-05-13 00:22:04,10.7398,13.8019,80.89,51,84,4.85
201,Ponta Do Sol,PT,2022-05-13 00:22:04,32.6667,-17.1,65.71,81,67,2.33
202,Ardakan,IR,2022-05-13 00:22:05,32.31,54.0175,70.41,18,0,21.23
203,Tahara,JP,2022-05-13 00:22:05,34.6667,137.2667,68.95,29,100,12.77
204,Codrington,AU,2022-05-13 00:22:06,-38.2667,141.9667,58.57,84,98,5.53
205,Guilin,CN,2022-05-13 00:22:07,25.2819,110.2864,68.11,93,100,5.12
206,Tabon,PH,2022-05-13 00:22:07,9.2388,117.9946,83.34,76,60,2.42
207,Guerrero Negro,MX,2022-05-13 00:17:20,27.9769,-114.0611,71.47,43,40,20.33
208,Qaanaaq,GL,2022-05-13 00:22:08,77.484,-69.3632,13.48,76,30,4.54
209,Port Elizabeth,ZA,2022-05-13 00:22:09,-33.918,25.5701,58.32,86,0,5.01
210,Balkanabat,TM,2022-05-13 00:22:09,39.5108,54.3671,63.61,60,43,3.31
211,Lasa,IT,2022-05-13 00:22:10,46.6166,10.7002,61.68,93,68,2.89
212,Vaasa,FI,2022-05-13 00:22:11,63.096,21.6158,44.94,93,0,6.91
213,Vestmanna,FO,2022-05-13 00:22:11,62.1564,-7.1664,40.12,75,75,21.85
214,Riyadh,SA,2022-05-13 00:22:12,24.6877,46.7219,78.94,14,0,9.84
215,Noumea,NC,2022-05-13 00:20:52,-22.2763,166.4572,78.78,99,100,18.5
216,Thakurgaon,BD,2022-05-13 00:22:13,26.0333,88.4667,78.39,86,1,6.85
217,Kumphawapi,TH,2022-05-13 00:22:13,17.1087,103.0149,82.81,99,100,3.91
218,Grand-Lahou,CI,2022-05-13 00:22:14,5.1367,-5.0242,79.83,84,83,7.11
219,Chapais,CA,2022-05-13 00:18:14,49.7834,-74.8492,53.38,95,100,8.75
220,Pitimbu,BR,2022-05-13 00:22:15,-7.4706,-34.8086,77.59,83,17,9.22
221,Maryville,US,2022-05-13 00:18:14,35.7565,-83.9705,79.0,62,20,9.22
222,Koshurnikovo,RU,2022-05-13 00:22:08,54.1667,93.3,44.17,48,10,3.27
223,Meulaboh,ID,2022-05-13 00:22:16,4.1363,96.1285,77.47,87,97,4.05
224,Ahipara,NZ,2022-05-13 00:22:17,-35.1667,173.1667,63.5,49,36,1.61
225,Rayevskiy,RU,2022-05-13 00:22:17,54.0658,54.9468,42.55,92,85,13.85
226,Sisimiut,GL,2022-05-13 00:22:18,66.9395,-53.6735,25.14,83,93,10.54
227,Kruisfontein,ZA,2022-05-13 00:22:18,-34.0033,24.7314,52.88,87,1,7.18
228,Bozhou,CN,2022-05-13 00:22:19,33.8772,115.7703,56.05,75,96,11.18
229,Saint-Georges,GD,2022-05-13 00:22:20,12.0564,-61.7485,80.28,78,20,16.11
230,Tiksi,RU,2022-05-13 00:22:21,71.6872,128.8694,18.39,83,16,10.6
231,Tilichiki,RU,2022-05-13 00:22:21,60.4667,166.1,36.48,81,100,3.91
232,Arraial Do Cabo,BR,2022-05-13 00:22:22,-22.9661,-42.0278,73.9,74,54,12.48
233,Mancio Lima,BR,2022-05-13 00:22:23,-7.6142,-72.8958,75.27,100,75,2.3
234,Mulanje,MW,2022-05-13 00:22:23,-16.0316,35.5,59.07,86,0,3.83
235,Komsomolskiy,UZ,2022-05-13 00:22:24,40.4272,71.7189,65.12,59,96,4.61
236,Grand Gaube,MU,2022-05-13 00:22:24,-20.0064,57.6608,71.38,82,41,1.01
237,Ambulu,ID,2022-05-13 00:22:25,-8.345,113.6058,79.57,87,32,2.13
238,Yulara,AU,2022-05-13 00:22:25,-25.2406,130.9889,66.0,37,1,6.64
239,Marawi,PH,2022-05-13 00:22:26,7.9986,124.2928,75.47,86,99,1.63
240,Bathsheba,BB,2022-05-13 00:22:26,13.2167,-59.5167,81.21,74,40,17.27
241,Khani,GE,2022-05-13 00:22:27,41.9563,42.9566,35.17,82,6,5.55
242,Rajula,IN,2022-05-13 00:22:27,21.05,71.4333,83.21,61,5,9.8
243,Mucurapo,TT,2022-05-13 00:22:28,10.6667,-61.5333,80.96,81,60,9.75
244,Eyl,SO,2022-05-13 00:22:28,7.9803,49.8164,83.43,72,100,13.24
245,Lavrentiya,RU,2022-05-13 00:22:29,65.5833,-171.0,31.1,76,8,6.17
246,Mnogovershinnyy,RU,2022-05-13 00:22:29,53.9353,139.9242,37.02,82,92,5.64
247,Asfi,MA,2022-05-13 00:22:30,32.2994,-9.2372,66.15,81,6,9.28
248,Butaritari,KI,2022-05-13 00:22:30,3.0707,172.7902,81.28,75,100,17.52
249,Prince Rupert,CA,2022-05-13 00:22:31,54.3161,-130.3201,48.29,70,20,11.5
250,Hithadhoo,MV,2022-05-13 00:22:31,-0.6,73.0833,83.17,70,98,14.05
251,Dudinka,RU,2022-05-13 00:22:32,69.4058,86.1778,38.62,96,100,10.8
252,Half Moon Bay,US,2022-05-13 00:22:32,37.4636,-122.4286,68.05,61,0,23.02
253,Naryan-Mar,RU,2022-05-13 00:22:33,67.6713,53.087,39.76,99,100,9.22
254,Kashi,CN,2022-05-13 00:22:05,39.4547,75.9797,54.61,87,40,4.47
255,Novovarshavka,RU,2022-05-13 00:22:34,54.1721,74.6946,55.71,52,65,3.65
256,Bayanday,RU,2022-05-13 00:22:34,53.0661,105.5139,48.43,47,33,3.76
257,Nantucket,US,2022-05-13 00:20:47,41.2835,-70.0995,57.0,94,100,9.22
258,Paamiut,GL,2022-05-13 00:22:35,61.994,-49.6678,33.67,100,100,9.06
259,Oranjemund,NA,2022-05-13 00:22:37,-28.55,16.4333,51.87,86,44,6.22
260,Okahandja,NA,2022-05-13 00:22:37,-21.9833,16.9167,54.97,36,5,2.46
261,Sabha,LY,2022-05-13 00:22:38,27.0377,14.4283,66.06,42,0,11.52
262,Sioux Lookout,CA,2022-05-13 00:18:11,50.1001,-91.917,59.07,72,75,9.22
263,Hutchinson,US,2022-05-13 00:21:00,38.0608,-97.9298,86.04,42,0,20.71
264,Praia Da Vitoria,PT,2022-05-13 00:22:38,38.7333,-27.0667,61.05,77,75,11.23
265,Qarqin,AF,2022-05-13 00:22:39,37.4185,66.0436,74.98,31,2,8.61
266,Batemans Bay,AU,2022-05-13 00:22:40,-35.7167,150.1833,62.1,91,100,4.16
267,Mabaruma,GY,2022-05-13 00:22:40,8.2,-59.7833,73.65,96,17,4.18
268,Kimberley,ZA,2022-05-13 00:22:40,-28.7323,24.7623,44.29,65,0,1.14
269,Alice Springs,AU,2022-05-13 00:22:38,-23.7,133.8833,69.22,32,12,3.44
270,Strathpeffer,GB,2022-05-13 00:22:44,57.588,-4.5382,49.1,85,100,6.51
271,Berezovyy,RU,2022-05-13 00:22:44,51.6667,135.7,49.66,64,86,3.58
272,Cayenne,GF,2022-05-13 00:22:45,4.9333,-52.3333,82.09,1,75,9.22
273,Azare,NG,2022-05-13 00:22:46,11.6765,10.1948,89.2,35,25,5.23
274,Abu Samrah,SY,2022-05-13 00:22:47,35.3029,37.1841,60.98,52,62,5.86
275,Namatanai,PG,2022-05-13 00:22:47,-3.6667,152.4333,84.87,65,98,5.32
276,Emerald,AU,2022-05-13 00:22:48,-23.5333,148.1667,71.74,100,100,8.05
277,Rorvik,NO,2022-05-13 00:17:55,64.8621,11.2373,44.15,85,100,14.74
278,Trairi,BR,2022-05-13 00:20:09,-3.2778,-39.2689,75.97,93,24,7.34
279,Sistranda,NO,2022-05-13 00:22:49,63.7256,8.834,44.56,83,100,13.06
280,Matias Romero,MX,2022-05-13 00:22:49,16.8833,-95.0333,85.57,50,11,14.61
281,Mehamn,NO,2022-05-13 00:22:50,71.0357,27.8492,35.51,92,100,21.97
282,Yenagoa,NG,2022-05-13 00:22:50,4.9247,6.2642,76.32,93,32,3.58
283,Ambanja,MG,2022-05-13 00:22:51,-13.6833,48.45,72.01,91,22,3.09
284,Mandurah,AU,2022-05-13 00:22:38,-32.55,115.7,56.91,69,93,19.22
285,Ambilobe,MG,2022-05-13 00:22:51,-13.2,49.05,69.33,93,5,3.33
286,Tabuk,PH,2022-05-13 00:22:52,17.4189,121.4443,81.66,73,7,4.18
287,Sarangani,PH,2022-05-13 00:22:52,5.4033,125.4636,82.38,78,69,9.89
288,Chumikan,RU,2022-05-13 00:22:53,54.7183,135.315,33.76,100,100,4.88
289,Kendari,ID,2022-05-13 00:22:54,-3.945,122.4989,80.35,87,79,4.03
290,Kokopo,PG,2022-05-13 00:22:54,-4.352,152.2633,84.2,67,100,4.21
291,Qaqortoq,GL,2022-05-13 00:22:55,60.7167,-46.0333,32.86,91,100,2.13
292,Le Vauclin,MQ,2022-05-13 00:22:55,14.5452,-60.8388,80.65,74,20,12.66
293,Fangshan,CN,2022-05-13 00:22:56,39.6983,115.9925,61.52,14,82,9.28
294,Margate,GB,2022-05-13 00:22:56,51.3813,1.3862,53.87,82,39,4.0
295,Vikhorevka,RU,2022-05-13 00:22:57,56.1201,101.1636,49.59,41,81,0.94
296,Cam Ranh,VN,2022-05-13 00:22:57,11.9214,109.1591,84.16,74,20,1.14
297,Vila Franca Do Campo,PT,2022-05-13 00:22:58,37.7167,-25.4333,61.2,80,94,7.99
298,Sambava,MG,2022-05-13 00:22:58,-14.2667,50.1667,72.75,85,10,10.98
299,Saint-Philippe,RE,2022-05-13 00:22:59,-21.3585,55.7679,71.19,70,28,8.37
300,Wajima,JP,2022-05-13 00:22:59,37.4,136.9,65.08,100,100,3.44
301,Gewane,ET,2022-05-13 00:23:00,10.1664,40.6453,82.74,23,3,2.71
302,Pervomayskoye,RU,2022-05-13 00:23:00,43.919,46.7102,52.95,64,29,7.76
303,Kieta,PG,2022-05-13 00:23:01,-6.2167,155.6333,84.51,69,23,3.91
304,Quatre Cocos,MU,2022-05-13 00:23:01,-20.2078,57.7625,71.1,82,53,13.27
305,Byron Bay,AU,2022-05-13 00:23:02,-28.65,153.6167,70.72,89,100,18.07
306,Cabedelo,BR,2022-05-13 00:23:02,-6.9811,-34.8339,77.67,85,19,10.2
307,Bundaberg,AU,2022-05-13 00:23:03,-24.85,152.35,70.21,99,75,3.44
308,Alta Floresta,BR,2022-05-13 00:23:03,-9.8756,-56.0861,73.98,73,18,3.36
309,Sumenep,ID,2022-05-13 00:23:04,-7.0167,113.8667,81.91,79,24,2.3
310,Yacuiba,BO,2022-05-13 00:23:05,-22.038,-63.6797,66.07,66,70,3.62
311,Labuhan,ID,2022-05-13 00:23:05,-6.8844,112.2051,80.42,86,35,7.02
312,Khasan,RU,2022-05-13 00:23:06,42.4308,130.6434,53.92,52,86,5.01
313,Nishihara,JP,2022-05-13 00:23:06,26.1842,127.7558,78.85,97,100,16.11
314,Umm Lajj,SA,2022-05-13 00:23:07,25.0213,37.2685,84.7,38,1,13.51
315,Sarakhs,IR,2022-05-13 00:23:07,36.5449,61.1577,62.74,72,6,9.22
316,Muroto,JP,2022-05-13 00:23:08,33.2833,134.15,70.05,95,100,6.22
317,Pringsewu,ID,2022-05-13 00:23:09,-5.3582,104.9744,75.42,94,100,2.44
318,Xiongyue,CN,2022-05-13 00:23:09,40.1774,122.1228,55.83,53,100,7.25
319,Iranshahr,IR,2022-05-13 00:23:10,27.2025,60.6848,80.94,21,0,0.0
320,Meaford,CA,2022-05-13 00:23:11,44.6001,-80.583,79.12,80,94,9.08
321,Chara,RU,2022-05-13 00:23:12,56.9064,118.2631,42.48,80,100,1.19
322,Saint Anthony,US,2022-05-13 00:23:12,45.0205,-93.218,91.33,36,0,17.27
323,Alofi,NU,2022-05-13 00:23:13,-19.0595,-169.9187,78.69,83,100,8.05
324,Garoua,CM,2022-05-13 00:23:13,9.3,13.4,83.8,59,95,2.28
325,Vardo,NO,2022-05-13 00:18:47,70.3705,31.1107,35.58,75,100,12.66
326,Alaca,TR,2022-05-13 00:23:14,40.1683,34.8425,44.98,77,0,2.46
327,Saa,CM,2022-05-13 00:23:15,4.3667,11.45,70.34,95,37,2.06
328,Inhambane,MZ,2022-05-13 00:23:15,-23.865,35.3833,69.53,79,71,5.23
329,Devaprayag,IN,2022-05-13 00:23:16,30.15,78.6167,71.55,70,0,5.48
330,San-Pedro,CI,2022-05-13 00:23:16,4.7485,-6.6363,78.17,87,97,3.53
331,Sorland,NO,2022-05-13 00:23:17,67.667,12.6934,44.46,88,95,13.06
332,Rusape,ZW,2022-05-13 00:23:17,-18.5278,32.1284,52.34,90,0,0.43
333,Moose Factory,CA,2022-05-13 00:18:43,51.2585,-80.6094,46.4,81,100,8.05
334,Yagodnoye,RU,2022-05-13 00:23:18,62.55,149.6667,34.57,65,33,1.77
335,Atar,MR,2022-05-13 00:23:19,20.5169,-13.0499,90.91,18,35,9.35
336,Moranbah,AU,2022-05-13 00:23:19,-22.0016,148.0466,73.13,78,86,3.0
337,Santa Maria Da Vitoria,BR,2022-05-13 00:23:20,-13.3947,-44.1886,71.26,37,40,1.63
338,Mutis,CO,2022-05-13 00:23:21,6.2262,-77.4044,79.81,84,74,3.96
339,Karratha,AU,2022-05-13 00:23:22,-20.7377,116.8463,80.96,78,92,19.35
340,Thunder Bay,CA,2022-05-13 00:20:34,48.4001,-89.3168,57.29,82,100,11.5
341,Kosh-Agach,RU,2022-05-13 00:23:22,50.0,88.6667,43.47,22,0,2.3
342,Itarema,BR,2022-05-13 00:23:23,-2.9248,-39.9167,76.98,90,63,10.47
343,Collie,AU,2022-05-13 00:23:23,-33.3667,116.15,50.5,86,77,8.21
344,Dhenkanal,IN,2022-05-13 00:23:24,20.6667,85.6,81.81,82,47,9.57
345,Tocopilla,CL,2022-05-13 00:21:54,-22.092,-70.1979,64.02,66,12,2.64
346,Hofn,IS,2022-05-13 00:23:29,64.2539,-15.2082,38.98,60,95,17.63
347,Udachnyy,RU,2022-05-13 00:23:29,66.4167,112.4,34.45,92,86,6.35
348,Voyvozh,RU,2022-05-13 00:23:31,62.892,54.9635,40.44,77,7,6.51
349,Luwuk,ID,2022-05-13 00:23:31,-0.9516,122.7875,82.09,82,100,0.74
350,Moindou,NC,2022-05-13 00:23:32,-21.6924,165.677,76.37,54,100,14.05
351,San Rafael,AR,2022-05-13 00:23:32,-34.6177,-68.3301,62.71,60,60,8.95
352,Australind,AU,2022-05-13 00:23:33,-33.2667,115.7167,55.13,74,56,13.6
353,Mareeba,AU,2022-05-13 00:23:33,-17.0,145.4333,80.65,82,2,1.68
354,Oga,IT,2022-05-13 00:23:34,46.4631,10.347,54.28,95,93,1.39
355,Altay,CN,2022-05-13 00:23:34,47.8667,88.1167,53.98,34,7,6.33
356,Yinchuan,CN,2022-05-13 00:23:35,38.4681,106.2731,48.38,23,91,7.94
357,Kaputa,ZM,2022-05-13 00:23:35,-8.4689,29.6619,66.02,77,69,2.48
358,Pangai,TO,2022-05-13 00:23:36,-19.8,-174.35,78.91,47,75,6.91
359,Erzin,TR,2022-05-13 00:23:36,36.9559,36.2,60.33,89,27,2.44
360,New Iberia,US,2022-05-13 00:23:37,30.0035,-91.8187,89.67,43,0,8.05
361,Lida,BY,2022-05-13 00:23:37,53.8833,25.2997,43.5,83,49,10.22
362,Nunoa,PE,2022-05-13 00:23:38,-14.48,-70.6411,40.98,67,39,6.49
363,Vacha,RU,2022-05-13 00:23:38,55.8008,42.7706,50.63,96,100,13.51
364,Constitucion,CL,2022-05-13 00:20:56,-35.3333,-72.4167,54.1,94,100,6.73
365,Mount Gambier,AU,2022-05-13 00:23:39,-37.8333,140.7667,59.85,79,100,4.18
366,Troitskiy,RU,2022-05-13 00:23:39,57.0603,63.7481,49.24,59,93,6.87
367,Champerico,GT,2022-05-13 00:23:40,14.3,-91.9167,86.54,67,6,7.05
368,Yen Bai,VN,2022-05-13 00:23:41,21.7,104.8667,76.44,94,92,1.16
369,Ryotsu,JP,2022-05-13 00:23:42,38.0833,138.4333,64.06,84,97,5.84
370,Haines Junction,CA,2022-05-13 00:23:42,60.7522,-137.5108,53.55,26,51,8.05
371,La Ronge,CA,2022-05-13 00:21:58,55.1001,-105.2842,61.05,29,20,9.22
372,Madinat Sittah Uktubar,EG,2022-05-13 00:23:43,29.8167,31.05,67.89,52,41,20.04
373,Lompoc,US,2022-05-13 00:23:44,34.6391,-120.4579,79.57,56,0,27.0
374,Bratsk,RU,2022-05-13 00:23:44,56.1325,101.6142,48.69,51,87,0.81
375,Ridgecrest,US,2022-05-13 00:22:41,35.6225,-117.6709,77.65,10,75,8.99
376,Sobolevo,RU,2022-05-13 00:18:50,54.4299,31.8996,45.79,92,13,14.38
377,Alyangula,AU,2022-05-13 00:23:46,-13.8483,136.4192,81.93,59,23,13.42
378,Skibbereen,IE,2022-05-13 00:23:46,51.55,-9.2667,54.1,85,100,19.3
379,Mayo,US,2022-05-13 00:23:47,38.8876,-76.5119,71.37,89,75,9.22
380,Korgoz,AZ,2022-05-13 00:23:47,40.3031,49.62,47.79,65,50,4.79
381,Sao Filipe,CV,2022-05-13 00:23:48,14.8961,-24.4956,73.69,78,82,7.99
382,Kemijarvi,FI,2022-05-13 00:23:48,66.7131,27.4306,38.12,91,25,1.61
383,San Vicente,AR,2022-05-13 00:23:49,-26.6167,-54.1333,50.47,96,0,3.04
384,Port Alfred,ZA,2022-05-13 00:23:49,-33.5906,26.891,60.75,82,3,12.08
385,Teahupoo,PF,2022-05-13 00:23:50,-17.8333,-149.2667,82.36,69,10,17.36
386,Dunmore East,IE,2022-05-13 00:23:50,52.1514,-6.9861,52.68,69,100,17.76
387,Carlsbad,US,2022-05-13 00:20:06,33.1581,-117.3506,86.09,40,0,10.36
388,Forbes,AU,2022-05-13 00:23:51,-33.3833,148.0167,66.2,95,100,4.05
389,San Carlos De Bariloche,AR,2022-05-13 00:20:35,-41.1456,-71.3082,40.75,70,40,12.66
390,Union City,US,2022-05-13 00:23:52,37.5958,-122.0192,70.48,56,0,20.71
391,Cabo San Lucas,MX,2022-05-13 00:20:01,22.8909,-109.9124,95.31,27,0,16.11
392,Port Blair,IN,2022-05-13 00:23:52,11.6667,92.75,82.69,80,99,10.47
393,Puerto Carreno,CO,2022-05-13 00:23:53,6.189,-67.4859,81.39,75,100,6.91
394,Lerwick,GB,2022-05-13 00:23:56,60.1545,-1.1494,48.2,94,100,22.06
395,Sangar,RU,2022-05-13 00:23:56,63.9242,127.4739,36.07,94,97,6.49
396,Kirakira,SB,2022-05-13 00:23:57,-10.4544,161.9205,84.83,69,81,3.47
397,Belmonte,BR,2022-05-13 00:23:57,-15.8631,-38.8828,76.77,84,98,7.31
398,Miandrivazo,MG,2022-05-13 00:23:58,-19.5167,45.4667,69.57,70,1,0.16
399,Gueret,FR,2022-05-13 00:23:58,46.1667,1.8667,55.99,98,100,0.94
400,Mount Isa,AU,2022-05-13 00:23:59,-20.7333,139.5,69.57,60,13,9.22
401,Yambio,SS,2022-05-13 00:23:59,4.5721,28.3955,66.16,96,97,2.37
402,Tsaratanana,MG,2022-05-13 00:24:00,-16.7833,47.65,67.39,82,61,7.16
403,North Bend,US,2022-05-13 00:21:43,43.4065,-124.2243,55.92,98,100,12.66
404,Krasnoselkup,RU,2022-05-13 00:24:01,65.7,82.4667,42.58,75,98,9.64
405,Gerash,IR,2022-05-13 00:24:02,27.6652,54.1371,68.14,13,0,5.99
406,San Patricio,US,2022-05-13 00:24:02,28.017,-97.5169,83.53,64,1,16.42
407,Ileza,RU,2022-05-13 00:24:03,61.0533,43.9002,41.27,82,89,9.51
408,San Quintin,MX,2022-05-13 00:24:03,30.4833,-115.95,66.92,48,19,12.95
409,Banamba,ML,2022-05-13 00:24:04,13.55,-7.45,89.4,19,91,5.53
410,Miri,MY,2022-05-13 00:24:04,4.4148,114.0089,80.74,89,20,0.0
411,Zhicheng,CN,2022-05-13 00:24:06,30.2956,111.5047,64.67,77,99,6.91
412,Marsa Matruh,EG,2022-05-13 00:24:07,31.3525,27.2453,65.41,75,29,8.66
413,La Rioja,ES,2022-05-13 00:24:07,42.25,-2.5,53.38,89,100,3.47
414,Los Llanos De Aridane,ES,2022-05-13 00:24:08,28.6585,-17.9182,64.15,86,100,5.75
415,Zhangye,CN,2022-05-13 00:24:09,38.9342,100.4517,48.25,43,100,8.86
416,Thanh Hoa,VN,2022-05-13 00:24:10,19.8,105.7667,79.5,87,100,1.74
417,Bandarbeyla,SO,2022-05-13 00:24:10,9.4942,50.8122,81.32,82,76,16.22
418,Izvoarele Sucevei,RO,2022-05-13 00:24:11,47.75,25.1833,53.15,93,43,5.19
419,Salisbury,GB,2022-05-13 00:19:44,51.0693,-1.7957,52.52,80,75,10.36
420,Kununurra,AU,2022-05-13 00:23:56,-15.7667,128.7333,82.38,51,49,3.44
421,Deniliquin,AU,2022-05-13 00:24:12,-35.5333,144.9667,64.98,79,81,4.43
422,Nemuro,JP,2022-05-13 00:24:12,43.3236,145.575,47.77,96,98,13.4
423,Stornoway,GB,2022-05-13 00:24:13,58.2093,-6.3865,46.92,89,40,9.22
424,Dikson,RU,2022-05-13 00:24:13,73.5069,80.5464,23.58,85,100,7.47
425,Dingle,PH,2022-05-13 00:24:14,10.9995,122.6711,84.67,71,98,6.17
426,Mandan,US,2022-05-13 00:24:15,46.8267,-100.8896,60.78,94,100,28.77
427,Longyearbyen,SJ,2022-05-13 00:24:15,78.2186,15.6401,8.67,89,19,7.16
428,Irmo,US,2022-05-13 00:24:16,34.086,-81.1832,67.51,77,100,4.61
429,Turan,VN,2022-05-13 00:22:54,16.0678,108.2208,85.98,70,20,0.0
430,Evensk,RU,2022-05-13 00:24:17,61.95,159.2333,39.49,74,15,6.35
431,Cabra,ES,2022-05-13 00:24:17,37.4725,-4.4421,64.65,43,87,5.5
432,Ketchikan,US,2022-05-13 00:24:18,55.3422,-131.6461,48.67,66,100,9.22
433,Jiuquan,CN,2022-05-13 00:24:18,39.7432,98.5174,46.49,24,88,13.35
434,Whitehorse,CA,2022-05-13 00:23:54,60.7161,-135.0538,52.57,32,75,10.36
435,Sitka,US,2022-05-13 00:24:19,57.0531,-135.33,53.49,58,40,3.44
436,Kyshtovka,RU,2022-05-13 00:24:20,56.555,76.6271,52.84,64,81,2.82
437,Buraydah,SA,2022-05-13 00:23:23,26.326,43.975,75.65,15,0,11.18
438,Clyde River,CA,2022-05-13 00:24:20,70.4692,-68.5914,19.63,73,0,12.66
439,Les Escoumins,CA,2022-05-13 00:24:21,48.1111,-69.0236,56.55,54,95,4.36
440,Vestmannaeyjar,IS,2022-05-13 00:24:21,63.4427,-20.2734,39.13,61,14,20.45
441,Gigmoto,PH,2022-05-13 00:24:22,13.7796,124.39,84.49,73,72,7.92
442,Imeni Babushkina,RU,2022-05-13 00:21:11,59.7573,43.1285,42.31,79,95,11.97
443,Eldorado,BR,2022-05-13 00:24:23,-23.7869,-54.2836,59.09,81,0,1.19
444,Muros,ES,2022-05-13 00:24:23,42.7762,-9.0603,58.08,83,95,8.14
445,Bud,US,2022-05-13 00:24:24,39.447,-86.1758,82.42,45,43,5.14
446,Wangqing,CN,2022-05-13 00:24:24,43.3218,129.7634,56.97,44,91,0.67
447,Waipawa,NZ,2022-05-13 00:24:25,-41.4122,175.5153,54.18,55,44,5.61
448,Bonavista,CA,2022-05-13 00:21:22,48.6499,-53.1147,37.17,91,9,11.54
449,Raudeberg,NO,2022-05-13 00:24:26,61.9875,5.1352,43.95,91,100,23.55
450,Eirunepe,BR,2022-05-13 00:24:26,-6.6603,-69.8736,74.16,98,23,2.08
451,Sovetskoye,RU,2022-05-13 00:24:27,52.2861,85.4131,55.92,54,74,2.66
452,Tazovskiy,RU,2022-05-13 00:24:28,67.4667,78.7,36.12,95,100,9.82
453,Batticaloa,LK,2022-05-13 00:24:28,7.7102,81.6924,80.26,73,96,5.03
454,Praya,CV,2022-05-13 00:24:30,14.9215,-23.5087,79.34,50,0,19.57
455,Paulista,BR,2022-05-13 00:24:30,-7.9408,-34.8731,80.46,85,29,7.54
456,Havre-Saint-Pierre,CA,2022-05-13 00:24:31,50.2334,-63.5986,48.56,66,0,6.91
457,Kavieng,PG,2022-05-13 00:24:31,-2.5744,150.7967,84.67,65,100,9.26
458,Sturgis,US,2022-05-13 00:24:32,41.7992,-85.4192,80.85,22,0,3.44
459,Menongue,AO,2022-05-13 00:24:34,-14.6585,17.691,55.98,60,0,2.26
460,Preobrazheniye,RU,2022-05-13 00:24:34,42.9019,133.9064,56.1,50,100,3.65
461,Athabasca,CA,2022-05-13 00:24:35,54.7169,-113.2854,64.81,33,83,6.53
462,Rocha,UY,2022-05-13 00:24:35,-34.4833,-54.3333,47.75,81,6,0.98
463,Ada,US,2022-05-13 00:24:36,43.4166,-116.1262,62.49,32,100,8.05
464,Kathmandu,NP,2022-05-13 00:24:36,27.7167,85.3167,68.22,94,75,3.44
465,Panshi,CN,2022-05-13 00:24:37,42.9422,126.0561,53.74,43,52,6.8
466,Floro,NO,2022-05-13 00:24:37,61.5996,5.0328,44.96,93,100,26.46
467,Khorixas,NA,2022-05-13 00:24:38,-20.3667,14.9667,64.89,30,10,4.45
468,Dingtao,CN,2022-05-13 00:24:39,35.0683,115.5625,57.22,67,97,10.31
469,Saint-Francois,FR,2022-05-13 00:24:39,46.4154,3.9054,60.67,100,100,5.75
470,Alekseyevka,RU,2022-05-13 00:24:40,50.6309,38.6903,58.06,89,84,18.03
471,Kruglolesskoye,RU,2022-05-13 00:24:40,44.6589,42.8142,43.45,88,10,6.58
472,Nuevitas,CU,2022-05-13 00:24:41,21.5453,-77.2644,76.96,74,74,9.46
473,Rongcheng,CN,2022-05-13 00:24:41,30.634,117.8517,61.3,97,100,4.83
474,Scarborough,GB,2022-05-13 00:22:08,54.2797,-0.4044,51.78,81,99,10.0
475,Nichinan,JP,2022-05-13 00:24:42,31.6,131.3667,69.48,97,100,1.16
476,Anadyr,RU,2022-05-13 00:24:42,64.75,177.4833,37.9,69,0,11.18
477,Dali,CN,2022-05-13 00:24:43,25.7,100.1833,60.3,86,25,2.55
478,Kuytun,RU,2022-05-13 00:24:43,54.3419,101.5036,49.75,39,99,1.21
479,Ormstown,CA,2022-05-13 00:24:44,45.1334,-73.9992,82.29,63,59,8.61
480,Two Rivers,US,2022-05-13 00:23:50,44.1539,-87.5693,73.89,63,0,16.11
481,Nanzhou,CN,2022-05-13 00:24:44,29.3596,112.4024,65.03,82,100,13.91
482,Marzuq,YE,2022-05-13 00:24:45,14.4,46.4667,74.28,26,97,0.83
483,Trelew,AR,2022-05-13 00:24:45,-43.249,-65.3051,57.56,73,100,21.32
484,Lodwar,KE,2022-05-13 00:24:46,3.1191,35.5973,83.19,51,55,13.11
485,Poum,NC,2022-05-13 00:24:46,-20.2333,164.0167,76.69,72,99,33.87
486,Redlands,US,2022-05-13 00:24:47,34.0556,-117.1825,85.24,14,0,12.66
487,Dong Hoi,VN,2022-05-13 00:24:47,17.4833,106.6,80.46,82,100,7.47
488,Lufilufi,WS,2022-05-13 00:24:48,-13.8745,-171.5986,89.38,77,69,8.32
489,Berdigestyakh,RU,2022-05-13 00:24:48,62.0989,126.6992,45.12,78,25,6.38
490,Huarmey,PE,2022-05-13 00:24:49,-10.0681,-78.1522,65.03,85,46,9.53
491,Santa Isabel Do Rio Negro,BR,2022-05-13 00:24:50,-0.4139,-65.0192,74.73,97,47,3.31
492,Tam Ky,VN,2022-05-13 00:24:50,15.5667,108.4833,80.92,78,100,3.6
493,Netarhat,IN,2022-05-13 00:24:51,23.4833,84.2667,70.97,83,0,7.52
494,Mogadishu,SO,2022-05-13 00:20:01,2.0371,45.3438,80.38,83,58,16.31
495,Thompson,CA,2022-05-13 00:21:43,55.7435,-97.8558,62.76,36,20,2.3
496,Cross Lanes,US,2022-05-13 00:24:52,38.4204,-81.7907,77.18,63,80,6.6
497,Mana,GF,2022-05-13 00:24:52,5.6592,-53.7767,77.7,87,6,11.48
498,Rengasdengklok,ID,2022-05-13 00:24:53,-6.1592,107.2981,80.02,81,25,2.86
499,Urut,AM,2022-05-13 00:24:53,41.0714,44.3964,35.35,90,58,2.19
500,Leningradskiy,RU,2022-05-13 00:24:55,69.3833,178.4167,29.12,70,20,6.76
501,Oum Hadjer,TD,2022-05-13 00:24:55,13.2954,19.6966,93.92,23,2,7.23
502,Sheridan,US,2022-05-13 00:24:56,44.8333,-106.9173,44.98,85,100,18.41
503,Pangnirtung,CA,2022-05-13 00:24:56,66.1451,-65.7125,12.63,90,37,3.49
504,Presidencia Roque Saenz Pena,AR,2022-05-13 00:24:57,-26.7852,-60.4388,57.13,88,0,6.4
505,Salinas,US,2022-05-13 00:24:05,36.6777,-121.6555,74.57,56,0,14.97
506,Peniche,PT,2022-05-13 00:24:58,39.3558,-9.3811,61.29,91,51,10.94
507,Hare Bay,CA,2022-05-13 00:24:58,48.8499,-54.0148,43.2,75,9,6.42
508,Atambua,ID,2022-05-13 00:24:58,-9.1061,124.8925,79.72,70,64,0.34
509,Nouadhibou,MR,2022-05-13 00:24:59,20.931,-17.0347,69.78,78,8,18.41
510,Djibo,BF,2022-05-13 00:24:59,14.1022,-1.6306,90.61,38,53,10.13
511,Hami,CN,2022-05-13 00:25:00,42.8,93.45,60.94,21,99,22.53
512,Paita,PE,2022-05-13 00:25:00,-5.0892,-81.1144,66.51,84,25,16.08
513,Hirado,JP,2022-05-13 00:20:37,33.3597,129.5531,64.38,96,100,15.68
514,Lakatoro,VU,2022-05-13 00:25:01,-16.0999,167.4164,79.9,74,100,19.37
515,Xining,CN,2022-05-13 00:25:02,36.6167,101.7667,41.65,85,100,4.72
516,Bonthe,SL,2022-05-13 00:25:02,7.5264,-12.505,75.92,95,92,7.7
517,Oussouye,SN,2022-05-13 00:25:03,12.485,-16.5469,75.38,81,10,8.25
518,Tautira,PF,2022-05-13 00:25:03,-17.7333,-149.15,80.76,69,9,16.62
519,Beloha,MG,2022-05-13 00:25:04,-25.1667,45.05,62.28,87,5,8.48
520,Husavik,IS,2022-05-13 00:25:04,66.0449,-17.3389,31.03,96,100,17.02
521,Koungou,YT,2022-05-13 00:25:05,-12.7336,45.2042,74.91,83,0,6.91
522,Segezha,RU,2022-05-13 00:25:05,63.7415,34.3222,42.24,91,100,3.11
523,Honavar,IN,2022-05-13 00:25:06,14.2833,74.45,80.51,85,100,7.52
524,Acapulco,MX,2022-05-13 00:25:06,16.8634,-99.8901,87.62,70,0,11.5
525,Alterosa,BR,2022-05-13 00:25:07,-21.2492,-46.1431,62.65,81,88,1.68
526,Taltal,CL,2022-05-13 00:25:07,-25.4,-70.4833,59.31,85,28,2.48
527,Ferrol,ES,2022-05-13 00:25:08,43.4832,-8.2369,59.27,84,94,10.22
528,Coquimbo,CL,2022-05-13 00:25:08,-29.9533,-71.3436,53.33,100,75,4.61
529,Maniitsoq,GL,2022-05-13 00:25:09,65.4167,-52.9,27.73,68,17,26.06
530,Tarnogskiy Gorodok,RU,2022-05-13 00:25:10,60.4997,43.5761,42.76,78,77,10.65
531,Irondequoit,US,2022-05-13 00:21:03,43.2134,-77.5797,73.99,31,75,5.75
532,Aripuana,BR,2022-05-13 00:25:10,-9.1667,-60.6333,76.84,70,66,1.9
533,Lensk,RU,2022-05-13 00:25:11,60.7253,114.9278,45.9,91,99,5.46
534,Fukue,JP,2022-05-13 00:25:12,32.6881,128.8419,66.56,100,100,6.91
535,Charlestown,AU,2022-05-13 00:25:13,-32.95,151.6667,69.69,97,100,1.01
536,Severo-Kurilsk,RU,2022-05-13 00:25:13,50.6789,156.125,41.45,88,80,4.34
537,Camabatela,AO,2022-05-13 00:25:14,-8.1881,15.375,64.33,94,96,1.07
538,Gornyy,RU,2022-05-13 00:25:15,55.1153,83.9059,52.54,37,6,4.12
539,Xuzhou,CN,2022-05-13 00:25:15,34.1805,117.1571,59.34,69,88,10.49
540,Talnakh,RU,2022-05-13 00:25:16,69.4865,88.3972,38.21,98,99,7.74
541,Malinovskiy,RU,2022-05-13 00:25:20,61.1953,62.8397,43.66,72,66,5.1
542,Puerto Colombia,CO,2022-05-13 00:25:20,10.9878,-74.9547,82.49,81,76,10.65
543,Roma,US,2022-05-13 00:24:41,43.2128,-75.4557,77.14,31,0,5.75
544,Portland,US,2022-05-13 00:24:56,45.5234,-122.6762,54.52,81,75,9.22
545,Thabazimbi,ZA,2022-05-13 00:25:21,-24.5917,27.4116,60.76,52,0,3.94
546,Anloga,GH,2022-05-13 00:25:22,5.7947,0.8973,82.89,78,86,9.55
547,Vostok,RU,2022-05-13 00:25:22,46.4856,135.8833,50.83,55,98,3.91
548,Timra,SE,2022-05-13 00:25:24,62.487,17.3257,42.48,70,9,5.75
549,Arlit,NE,2022-05-13 00:25:24,18.7369,7.3853,86.38,13,0,8.5
550,Baillif,GP,2022-05-13 00:25:25,16.0202,-61.7463,78.3,77,90,15.52
551,Urucara,BR,2022-05-13 00:25:25,-2.5364,-57.76,74.68,96,49,2.3
552,Iroquois Falls,CA,2022-05-13 00:25:26,48.7669,-80.6831,72.84,52,67,14.0
553,Jetafe,PH,2022-05-13 00:25:26,10.1472,124.1539,87.8,74,96,6.49
554,Araouane,ML,2022-05-13 00:25:27,18.9048,-3.5265,86.54,9,16,12.48
555,Dakar,SN,2022-05-13 00:20:43,14.6937,-17.4441,75.33,83,99,2.3
556,Chokurdakh,RU,2022-05-13 00:25:27,70.6333,147.9167,31.96,97,100,8.3
557,College,US,2022-05-13 00:25:28,64.8569,-147.8028,43.2,92,100,6.91
558,Svetlyy,RU,2022-05-13 00:25:28,54.675,20.1347,48.96,78,45,14.94
559,Dunmore Town,BS,2022-05-13 00:25:29,25.5,-76.65,77.04,63,0,4.16
560,Cruzeiro Do Sul,BR,2022-05-13 00:25:30,-29.5128,-51.9853,56.52,91,4,1.68
561,Karasjok,NO,2022-05-13 00:25:30,69.4719,25.5112,31.75,86,57,6.44
562,Basoko,CD,2022-05-13 00:25:31,1.2391,23.616,72.54,91,52,3.04
563,Tomatlan,MX,2022-05-13 00:25:31,19.9333,-105.25,86.94,45,42,7.92
564,Eganville,CA,2022-05-13 00:24:40,45.5334,-77.0994,81.73,63,85,6.22
565,Fabriano,IT,2022-05-13 00:25:32,43.3406,12.9073,59.32,76,24,7.27
