City_ID,City,Country,Date,Lat,Lng,Max Temp,Humidity,Cloudiness,Wind Speed,Current Weather
0,Castro,BR,2022-05-14 22:07:16,-24.7911,-50.0119,56.84,86,99,1.99,overcast clouds
1,Black River,JM,2022-05-14 22:16:17,18.0264,-77.8487,83.88,66,13,15.59,few clouds
2,Busselton,AU,2022-05-14 22:04:06,-33.65,115.3333,58.12,73,100,5.73,overcast clouds
3,Tazmalt,DZ,2022-05-14 22:16:18,36.3868,4.3989,71.56,63,10,2.01,clear sky
4,Piacenza,IT,2022-05-14 22:15:19,45.0468,9.6994,63.97,74,30,2.75,scattered clouds
5,Chokurdakh,RU,2022-05-14 22:16:20,70.6333,147.9167,14.09,92,99,2.08,overcast clouds
6,Albany,US,2022-05-14 22:06:40,42.6001,-73.9662,79.45,62,97,1.99,overcast clouds
7,Butaritari,KI,2022-05-14 22:06:35,3.0707,172.7902,80.82,74,13,9.24,few clouds
8,Barrow,US,2022-05-14 22:06:25,71.2906,-156.7887,28.42,86,100,16.11,overcast clouds
9,Grootfontein,NA,2022-05-14 22:16:22,-19.5667,18.1167,45.97,71,1,1.14,clear sky
10,Port Lincoln,AU,2022-05-14 22:07:14,-34.7333,135.8667,60.8,80,10,18.99,clear sky
11,Kloulklubed,PW,2022-05-14 22:16:23,7.0419,134.2556,83.12,74,52,9.57,broken clouds
12,Norrtalje,SE,2022-05-14 22:16:24,59.758,18.705,47.01,87,30,6.17,moderate rain
13,Ugoofaaru,MV,2022-05-14 22:16:25,5.6667,73.0,82.44,75,100,21.92,heavy intensity rain
14,Vaini,TO,2022-05-14 22:06:32,-21.2,-175.2,77.16,69,75,13.8,broken clouds
15,Port Elizabeth,ZA,2022-05-14 22:06:16,-33.918,25.5701,55.31,97,9,3.0,clear sky
16,Katsuura,JP,2022-05-14 22:06:44,35.1333,140.3,62.62,82,100,27.07,overcast clouds
17,Khatanga,RU,2022-05-14 22:07:20,71.9667,102.5,34.75,100,100,9.86,light snow
18,Biaora,IN,2022-05-14 22:16:27,23.8667,76.9167,92.5,24,40,15.75,scattered clouds
19,Selma,US,2022-05-14 22:16:27,36.5708,-119.6121,90.09,33,0,6.64,clear sky
20,Zhangye,CN,2022-05-14 22:10:58,38.9342,100.4517,46.74,40,2,4.25,clear sky
21,Carnarvon,AU,2022-05-14 22:06:39,-24.8667,113.6333,62.76,53,0,16.87,clear sky
22,Bluff,NZ,2022-05-14 22:16:29,-46.6,168.3333,46.8,76,79,9.04,broken clouds
23,Chuy,UY,2022-05-14 22:16:30,-33.6971,-53.4616,59.81,83,88,5.08,overcast clouds
24,Punta Arenas,CL,2022-05-14 22:12:31,-53.15,-70.9167,48.11,70,57,13.69,broken clouds
25,Gweta,BW,2022-05-14 22:16:31,-20.1833,25.2333,70.09,26,0,8.9,clear sky
26,Hermanus,ZA,2022-05-14 22:16:32,-34.4187,19.2345,57.11,77,11,6.96,few clouds
27,Teya,RU,2022-05-14 22:16:33,60.3778,92.6267,47.35,86,99,2.01,overcast clouds
28,Mataura,NZ,2022-05-14 22:16:34,-46.1927,168.8643,46.47,83,76,3.09,broken clouds
29,Wolgast,DE,2022-05-14 22:16:34,54.05,13.7667,48.85,78,32,8.86,scattered clouds
30,Joshimath,IN,2022-05-14 22:16:36,30.5667,79.5667,63.86,51,16,6.15,few clouds
31,Arraial Do Cabo,BR,2022-05-14 22:05:50,-22.9661,-42.0278,73.26,73,0,9.22,clear sky
32,Tasiilaq,GL,2022-05-14 22:06:56,65.6145,-37.6368,28.56,71,100,2.86,overcast clouds
33,Romny,UA,2022-05-14 22:16:37,50.751,33.4747,47.41,89,35,10.0,scattered clouds
34,Salalah,OM,2022-05-14 22:16:38,17.0151,54.0924,82.49,74,0,2.3,clear sky
35,Taunggyi,MM,2022-05-14 22:16:39,20.7833,97.0333,64.31,93,0,3.98,clear sky
36,Dikson,RU,2022-05-14 22:05:24,73.5069,80.5464,30.52,87,100,6.71,overcast clouds
37,Iqaluit,CA,2022-05-14 22:13:14,63.7506,-68.5145,22.69,79,50,17.0,scattered clouds
38,Yaan,NG,2022-05-14 22:16:40,7.3833,8.5667,78.26,81,44,7.18,scattered clouds
39,Ambilobe,MG,2022-05-14 22:16:41,-13.2,49.05,67.82,85,0,3.78,clear sky
40,Puerto Ayora,EC,2022-05-14 22:16:42,-0.7393,-90.3518,76.96,94,78,3.0,broken clouds
41,Dehloran,IR,2022-05-14 22:16:43,32.6941,47.2679,83.43,14,2,8.08,clear sky
42,Narsaq,GL,2022-05-14 22:12:45,60.9167,-46.05,41.22,70,94,2.68,overcast clouds
43,Ushuaia,AR,2022-05-14 22:15:54,-54.8,-68.3,44.26,70,20,10.36,few clouds
44,Hobart,AU,2022-05-14 22:14:36,-42.8794,147.3294,57.22,80,62,5.21,broken clouds
45,Campiglia Marittima,IT,2022-05-14 22:16:44,43.0602,10.6152,61.25,64,2,4.16,clear sky
46,Yellowknife,CA,2022-05-14 22:08:17,62.456,-114.3525,59.56,26,97,15.01,overcast clouds
47,Bengkulu,ID,2022-05-14 22:07:16,-3.8004,102.2655,77.59,91,51,3.85,broken clouds
48,Torbay,CA,2022-05-14 22:14:29,47.6666,-52.7314,39.27,83,30,10.0,scattered clouds
49,Jamestown,US,2022-05-14 22:07:28,42.097,-79.2353,74.84,60,100,6.91,overcast clouds
50,Bijar,IR,2022-05-14 22:16:47,35.8668,47.6051,51.71,25,0,4.07,clear sky
51,Yashkino,RU,2022-05-14 22:12:46,55.8736,85.4265,60.3,54,100,5.3,overcast clouds
52,Cap-Aux-Meules,CA,2022-05-14 22:16:48,47.3821,-61.8597,42.85,93,75,4.61,broken clouds
53,Vostok,RU,2022-05-14 22:16:49,46.4856,135.8833,42.66,67,69,8.1,broken clouds
54,Alofi,NU,2022-05-14 22:07:24,-19.0595,-169.9187,76.19,60,81,11.79,broken clouds
55,Ballina,AU,2022-05-14 22:14:37,-28.8667,153.5667,69.78,97,90,6.11,overcast clouds
56,Kavaratti,IN,2022-05-14 22:16:51,10.5669,72.642,81.63,77,100,19.35,overcast clouds
57,Hirado,JP,2022-05-14 22:16:52,33.3597,129.5531,63.39,51,100,13.69,light rain
58,Tallahassee,US,2022-05-14 22:14:04,30.4383,-84.2807,82.33,60,75,6.91,broken clouds
59,Rikitea,PF,2022-05-14 22:10:38,-23.1203,-134.9692,76.26,70,1,21.12,clear sky
60,Vershino-Shakhtaminskiy,RU,2022-05-14 22:16:53,51.3012,117.8868,37.83,67,65,4.29,broken clouds
61,Kapaa,US,2022-05-14 22:16:54,22.0752,-159.319,82.72,75,40,12.66,scattered clouds
62,Northam,GB,2022-05-14 22:16:55,51.0333,-4.2167,53.62,85,100,4.21,overcast clouds
63,Tiksi,RU,2022-05-14 22:16:55,71.6872,128.8694,12.54,93,37,3.71,scattered clouds
64,Isangel,VU,2022-05-14 22:14:41,-19.55,169.2667,77.13,64,100,14.54,overcast clouds
65,Atuona,PF,2022-05-14 22:16:57,-9.8,-139.0333,78.19,78,84,16.33,light rain
66,New Norfolk,AU,2022-05-14 22:07:14,-42.7826,147.0587,56.88,75,50,1.01,scattered clouds
67,Stutterheim,ZA,2022-05-14 22:16:58,-32.5708,27.424,46.22,95,5,3.2,clear sky
68,Victoria,HK,2022-05-14 22:09:21,22.2855,114.1577,73.96,94,100,18.01,heavy intensity rain
69,Vaitape,PF,2022-05-14 22:16:59,-16.5167,-151.75,81.46,65,0,14.18,clear sky
70,Lata,PT,2022-05-14 22:08:54,40.1629,-8.3327,59.05,92,2,2.26,clear sky
71,Sol-Iletsk,RU,2022-05-14 22:17:01,51.1631,54.9918,52.72,92,100,9.13,light rain
72,Linxia,CN,2022-05-14 22:17:02,35.6003,103.2064,40.35,86,100,1.9,overcast clouds
73,Hami,CN,2022-05-14 22:07:34,42.8,93.45,60.98,10,27,6.96,scattered clouds
74,Puerto Ayacucho,VE,2022-05-14 22:17:04,5.6639,-67.6236,83.07,80,86,3.31,overcast clouds
75,Sola,VU,2022-05-14 22:17:04,-13.8833,167.55,79.75,71,98,13.91,overcast clouds
76,Biloela,AU,2022-05-14 22:17:05,-24.4167,150.5,70.02,83,0,1.7,clear sky
77,Cururupu,BR,2022-05-14 22:10:42,-1.8283,-44.8683,76.48,93,100,5.06,moderate rain
78,Hithadhoo,MV,2022-05-14 22:17:06,-0.6,73.0833,82.83,68,98,10.69,overcast clouds
79,Plettenberg Bay,ZA,2022-05-14 22:07:21,-34.0527,23.3716,56.21,79,0,3.83,clear sky
80,Pochinki,RU,2022-05-14 22:17:07,54.6988,44.8668,44.33,94,49,8.19,scattered clouds
81,Tarakan,ID,2022-05-14 22:17:08,3.3,117.6333,79.45,88,100,5.14,overcast clouds
82,Hovd,MN,2022-05-14 22:17:09,48.0056,91.6419,49.26,19,0,2.17,clear sky
83,Clyde River,CA,2022-05-14 22:05:35,70.4692,-68.5914,27.28,78,32,4.16,scattered clouds
84,Clarence Town,AU,2022-05-14 22:17:11,-32.5833,151.7833,66.97,84,95,3.13,overcast clouds
85,Sao Joao Da Barra,BR,2022-05-14 22:17:12,-21.6403,-41.0511,72.86,72,98,8.93,overcast clouds
86,Berlevag,NO,2022-05-14 22:17:13,70.8578,29.0864,37.2,80,20,4.61,few clouds
87,Port Alfred,ZA,2022-05-14 22:17:03,-33.5906,26.891,61.03,80,13,5.21,few clouds
88,Tocopilla,CL,2022-05-14 22:16:09,-22.092,-70.1979,65.44,69,17,5.7,few clouds
89,Cape Town,ZA,2022-05-14 22:16:55,-33.9258,18.4232,60.91,75,0,10.0,clear sky
90,Plyussa,RU,2022-05-14 22:17:14,58.4308,29.3654,45.1,95,82,3.67,broken clouds
91,Bredasdorp,ZA,2022-05-14 22:07:40,-34.5322,20.0403,53.56,81,9,1.32,clear sky
92,Murray Bridge,AU,2022-05-14 22:17:16,-35.1167,139.2667,60.12,89,0,8.43,clear sky
93,Yerbogachen,RU,2022-05-14 22:06:00,61.2767,108.0108,48.76,66,12,3.02,few clouds
94,East London,ZA,2022-05-14 22:17:17,-33.0153,27.9116,61.12,78,41,5.79,scattered clouds
95,Hell,NO,2022-05-14 22:17:19,63.4455,10.9033,42.71,81,75,14.97,broken clouds
96,Lichtenburg,ZA,2022-05-14 22:17:20,-26.152,26.1597,56.97,37,1,1.32,clear sky
97,Birao,CF,2022-05-14 22:17:21,10.2849,22.7882,72.86,85,100,6.98,heavy intensity rain
98,Cidreira,BR,2022-05-14 22:09:04,-30.1811,-50.2056,64.51,91,100,7.05,moderate rain
99,Emba,KZ,2022-05-14 22:17:22,48.8264,58.1442,58.66,72,92,13.22,overcast clouds
100,Ancud,CL,2022-05-14 22:17:23,-41.8697,-73.8203,49.17,83,0,5.7,clear sky
101,Okhotsk,RU,2022-05-14 22:15:30,59.3833,143.3,35.96,90,100,11.32,light rain
102,College,US,2022-05-14 22:11:06,64.8569,-147.8028,48.07,69,100,9.22,light rain
103,Georgetown,MY,2022-05-14 22:07:38,5.4112,100.3354,82.33,89,20,0.0,moderate rain
104,Broome,US,2022-05-14 22:17:26,42.2506,-75.833,75.67,79,100,5.01,overcast clouds
105,Thompson,CA,2022-05-14 22:04:29,55.7435,-97.8558,44.76,93,100,5.75,overcast clouds
106,Lethem,GY,2022-05-14 22:17:27,3.3803,-59.7968,85.21,60,100,8.52,overcast clouds
107,Qaanaaq,GL,2022-05-14 22:15:18,77.484,-69.3632,18.54,76,95,2.64,overcast clouds
108,Emerald,AU,2022-05-14 22:13:36,-23.5333,148.1667,69.35,90,3,5.75,clear sky
109,Namibe,AO,2022-05-14 22:14:57,-15.1961,12.1522,71.44,68,0,1.66,clear sky
110,Goderich,CA,2022-05-14 22:08:19,43.7501,-81.7165,70.92,73,5,4.63,clear sky
111,Jambi,ID,2022-05-14 22:17:29,-1.6,103.6167,75.15,96,24,2.89,few clouds
112,Lebu,CL,2022-05-14 22:17:30,-37.6167,-73.65,51.49,83,10,15.23,clear sky
113,Arman,RU,2022-05-14 22:17:31,59.7,150.1667,41.02,96,100,12.97,moderate rain
114,Durazno,UY,2022-05-14 22:17:33,-33.4131,-56.5006,57.15,77,0,4.61,clear sky
115,Rabo De Peixe,PT,2022-05-14 22:17:34,37.8,-25.5833,62.11,94,20,27.63,few clouds
116,Miyako,JP,2022-05-14 22:11:11,39.6367,141.9525,54.21,65,100,2.66,overcast clouds
117,Arlit,NE,2022-05-14 22:11:30,18.7369,7.3853,88.11,13,37,13.2,scattered clouds
118,Ponta Delgada,PT,2022-05-14 22:15:07,37.7333,-25.6667,63.32,72,20,27.63,few clouds
119,Marsa Matruh,EG,2022-05-14 22:17:35,31.3525,27.2453,64.29,77,0,6.67,clear sky
120,Ende,ID,2022-05-14 22:17:37,-8.8432,121.6623,76.69,88,5,2.1,clear sky
121,Cabo San Lucas,MX,2022-05-14 22:05:32,22.8909,-109.9124,90.61,32,20,12.66,few clouds
122,San Patricio,US,2022-05-14 22:13:17,28.017,-97.5169,93.18,50,3,17.11,clear sky
123,Muisne,EC,2022-05-14 22:14:19,0.6,-80.0333,78.78,81,92,8.66,overcast clouds
124,Kutum,SD,2022-05-14 22:17:38,14.2,24.6667,79.47,39,88,5.41,overcast clouds
125,Katangli,RU,2022-05-14 22:17:39,51.7102,143.2326,32.56,100,100,9.13,light snow
126,Saint-Philippe,RE,2022-05-14 22:17:40,-21.3585,55.7679,67.59,75,53,7.38,broken clouds
127,Skibbereen,IE,2022-05-14 22:17:40,51.55,-9.2667,49.1,78,99,3.02,overcast clouds
128,Zanesville,US,2022-05-14 22:15:20,39.9404,-82.0132,77.86,73,0,3.44,clear sky
129,Saint George,US,2022-05-14 22:16:29,37.1041,-113.5841,95.43,7,0,5.01,clear sky
130,Saldanha,ZA,2022-05-14 22:08:29,-33.0117,17.9442,58.6,83,0,12.39,clear sky
131,Yulara,AU,2022-05-14 22:11:16,-25.2406,130.9889,61.9,65,87,8.86,overcast clouds
132,Kuala Terengganu,MY,2022-05-14 22:15:20,5.3302,103.1408,78.75,94,20,2.3,thunderstorm
133,Verkhnevilyuysk,RU,2022-05-14 22:17:43,63.4453,120.3167,33.22,66,43,3.87,scattered clouds
134,Kudahuvadhoo,MV,2022-05-14 22:09:44,2.6708,72.8944,83.52,76,100,19.51,overcast clouds
135,Ribeira Grande,PT,2022-05-14 22:15:37,38.5167,-28.7,60.17,70,39,29.1,light rain
136,Adrar,MR,2022-05-14 22:15:15,20.5022,-10.0711,88.72,11,70,11.74,broken clouds
137,Katherine,AU,2022-05-14 22:17:45,-14.4667,132.2667,68.32,73,75,0.0,broken clouds
138,Maubin,MM,2022-05-14 22:17:47,16.7333,95.65,79.52,86,32,3.96,scattered clouds
139,Kruisfontein,ZA,2022-05-14 22:17:48,-34.0033,24.7314,49.89,88,1,4.45,clear sky
140,Coihaique,CL,2022-05-14 22:16:59,-45.5752,-72.0662,41.61,87,0,0.0,clear sky
141,Koslan,RU,2022-05-14 22:17:49,63.4564,48.8989,47.1,91,99,3.87,overcast clouds
142,Saint-Joseph,RE,2022-05-14 22:17:51,-21.3667,55.6167,66.58,76,41,8.55,scattered clouds
143,Jumla,NP,2022-05-14 22:17:52,29.2747,82.1838,53.01,89,4,3.65,clear sky
144,Alice Springs,AU,2022-05-14 22:07:23,-23.7,133.8833,54.95,76,75,0.0,broken clouds
145,Pangody,RU,2022-05-14 22:17:53,65.85,74.4859,40.28,79,89,7.7,overcast clouds
146,Shakawe,BW,2022-05-14 22:17:54,-18.3667,21.85,61.84,34,1,1.99,clear sky
147,Zheleznodorozhnyy,RU,2022-05-14 22:15:44,55.7503,38.0042,50.52,75,51,7.23,broken clouds
148,Lompoc,US,2022-05-14 22:17:55,34.6391,-120.4579,92.84,70,0,23.0,clear sky
149,Robertsport,LR,2022-05-14 22:17:55,6.7533,-11.3686,75.49,89,99,4.7,heavy intensity rain
150,Kenai,US,2022-05-14 22:17:56,60.5544,-151.2583,54.03,36,40,16.11,scattered clouds
151,Srednekolymsk,RU,2022-05-14 22:17:57,67.45,153.6833,25.09,85,100,7.56,overcast clouds
152,Tahe,CN,2022-05-14 22:17:57,52.3333,124.7333,37.17,44,0,13.91,clear sky
153,Esperance,AU,2022-05-14 22:09:53,-33.8667,121.9,51.64,74,87,18.41,light rain
154,Ilulissat,GL,2022-05-14 22:10:54,69.2167,-51.1,28.42,43,20,9.22,few clouds
155,Ust-Kalmanka,RU,2022-05-14 22:17:59,52.1207,83.305,60.85,58,79,5.46,broken clouds
156,Inyonga,TZ,2022-05-14 22:18:00,-6.7167,32.0667,67.59,75,78,4.81,broken clouds
157,Mahon,ES,2022-05-14 22:18:00,39.8885,4.2658,63.16,88,0,5.75,clear sky
158,Verkhoyansk,RU,2022-05-14 22:18:02,67.5447,133.385,22.35,73,100,5.55,overcast clouds
159,Luau,AO,2022-05-14 22:18:03,-10.7073,22.2247,65.26,53,24,4.56,few clouds
160,Turayf,SA,2022-05-14 22:18:04,31.6725,38.6637,75.45,27,0,13.8,clear sky
161,Kavieng,PG,2022-05-14 22:18:05,-2.5744,150.7967,83.01,70,16,8.75,few clouds
162,Locri,IT,2022-05-14 22:18:06,38.2414,16.2623,66.33,67,44,12.75,scattered clouds
163,Nanortalik,GL,2022-05-14 22:14:34,60.1432,-45.2371,32.02,80,99,4.36,overcast clouds
164,Dzerzhinskoye,RU,2022-05-14 22:18:07,56.8344,95.2283,55.29,41,30,3.02,scattered clouds
165,Sinnamary,GF,2022-05-14 22:07:37,5.3833,-52.95,79.05,88,100,9.82,overcast clouds
166,Ponta Do Sol,PT,2022-05-14 22:08:50,32.6667,-17.1,68.0,80,13,6.87,few clouds
167,Candolim,IN,2022-05-14 22:18:08,15.5181,73.7626,83.53,74,100,13.13,overcast clouds
168,Riyadh,SA,2022-05-14 22:14:48,24.6877,46.7219,75.34,11,0,14.09,clear sky
169,Yeppoon,AU,2022-05-14 22:14:24,-23.1333,150.7333,67.78,85,0,3.87,clear sky
170,Solton,RU,2022-05-14 22:18:10,52.8429,86.4787,56.89,51,98,3.6,overcast clouds
171,Nhulunbuy,AU,2022-05-14 22:18:11,-12.2333,136.7667,72.21,88,13,0.0,few clouds
172,Klaksvik,FO,2022-05-14 22:08:32,62.2266,-6.589,49.12,88,91,4.83,overcast clouds
173,Pringsewu,ID,2022-05-14 22:18:11,-5.3582,104.9744,74.3,88,81,1.83,broken clouds
174,Stornoway,GB,2022-05-14 22:18:12,58.2093,-6.3865,49.93,89,75,4.61,broken clouds
175,Taltal,CL,2022-05-14 22:18:13,-25.4,-70.4833,62.65,75,23,4.99,few clouds
176,Sao Filipe,CV,2022-05-14 22:18:14,14.8961,-24.4956,77.16,65,100,11.61,overcast clouds
177,Sarangani,PH,2022-05-14 22:18:15,5.4033,125.4636,80.55,81,100,9.64,overcast clouds
178,Dunmore Town,BS,2022-05-14 22:18:15,25.5,-76.65,78.46,80,20,16.35,few clouds
179,Rokupr,SL,2022-05-14 22:18:16,8.6717,-12.395,79.38,88,85,5.59,overcast clouds
180,Tateyama,JP,2022-05-14 22:18:17,34.9833,139.8667,62.53,81,97,22.44,overcast clouds
181,Nikolskoye,RU,2022-05-14 22:16:56,59.7035,30.7861,46.8,94,49,4.94,scattered clouds
182,Mar Del Plata,AR,2022-05-14 22:17:28,-38.0023,-57.5575,52.95,68,0,5.75,clear sky
183,Kamyshla,RU,2022-05-14 22:18:19,54.1169,52.1426,46.51,93,76,6.22,broken clouds
184,Tonantins,BR,2022-05-14 22:18:20,-2.8731,-67.8022,77.67,95,64,2.13,broken clouds
185,Nanchang,CN,2022-05-14 22:18:22,28.6833,115.8833,57.42,90,100,9.22,overcast clouds
186,Dunedin,NZ,2022-05-14 22:17:15,-45.8742,170.5036,48.79,90,100,1.99,overcast clouds
187,Coquimbo,CL,2022-05-14 22:16:32,-29.9533,-71.3436,56.93,82,20,9.22,few clouds
188,Banjar,ID,2022-05-14 22:18:23,-8.19,114.9675,77.45,86,62,2.59,broken clouds
189,Pueblo Nuevo,MX,2022-05-14 22:18:24,23.3833,-105.3833,80.35,34,73,8.79,broken clouds
190,Beringovskiy,RU,2022-05-14 22:13:53,63.05,179.3167,38.21,91,100,4.38,overcast clouds
191,Mandera,KE,2022-05-14 22:18:25,3.9366,41.867,81.23,63,95,19.06,overcast clouds
192,Hasaki,JP,2022-05-14 22:13:23,35.7333,140.8333,61.29,72,100,21.9,overcast clouds
193,Pontianak,ID,2022-05-14 22:18:26,-0.0333,109.3333,76.98,88,20,2.3,few clouds
194,Boende,CD,2022-05-14 22:18:27,-0.2167,20.8667,71.17,97,93,2.55,overcast clouds
195,Bethel,US,2022-05-14 22:11:39,41.3712,-73.414,74.17,83,75,6.91,broken clouds
196,Rocha,UY,2022-05-14 22:08:58,-34.4833,-54.3333,53.37,89,21,4.36,few clouds
197,Hamilton,US,2022-05-14 22:05:30,39.1834,-84.5333,85.73,56,0,10.36,clear sky
198,Rozvadiv,UA,2022-05-14 22:18:28,49.5,23.6167,52.61,77,92,6.06,overcast clouds
199,Lopez Mateos,MX,2022-05-14 22:18:29,15.4667,-93.0087,90.7,51,74,8.21,broken clouds
200,Provideniya,RU,2022-05-14 22:18:30,64.3833,-173.3,34.72,96,100,8.28,overcast clouds
201,Tashtagol,RU,2022-05-14 22:18:31,52.7657,87.8894,54.07,63,98,3.22,overcast clouds
202,Sumbe,AO,2022-05-14 22:18:31,-11.2061,13.8437,74.89,90,21,6.46,few clouds
203,Ganzhou,CN,2022-05-14 22:18:32,28.8184,115.4327,57.11,91,100,4.79,light rain
204,Dhidhdhoo,MV,2022-05-14 22:14:39,6.8833,73.1,81.25,79,100,20.89,light rain
205,Khingansk,RU,2022-05-14 22:18:34,49.1167,131.1833,38.8,88,100,9.98,overcast clouds
206,Aksu,CN,2022-05-14 22:18:34,41.1231,80.2644,64.15,45,65,3.51,broken clouds
207,General Roca,AR,2022-05-14 22:18:35,-39.0333,-67.5833,50.63,31,0,5.7,clear sky
208,Sitka,US,2022-05-14 22:11:13,57.0531,-135.33,48.09,66,75,8.05,broken clouds
209,Pirgos,GR,2022-05-14 22:18:37,35.1167,25.7178,64.62,73,0,3.83,clear sky
210,Mahajanga,MG,2022-05-14 22:15:25,-15.7167,46.3167,71.62,78,20,2.3,few clouds
211,Vanavara,RU,2022-05-14 22:18:38,60.34,102.2797,48.54,65,3,1.86,clear sky
212,Ahipara,NZ,2022-05-14 22:13:10,-35.1667,173.1667,65.71,74,53,9.24,broken clouds
213,Luena,AO,2022-05-14 22:18:39,-11.7833,19.9167,59.14,60,0,3.76,clear sky
214,Anchorage,US,2022-05-14 22:15:07,61.2181,-149.9003,53.65,54,75,10.36,shower rain
215,Athabasca,CA,2022-05-14 22:18:40,54.7169,-113.2854,61.21,45,100,11.21,overcast clouds
216,Padang,ID,2022-05-14 22:18:41,-0.9492,100.3543,78.44,85,7,3.02,clear sky
217,Kodiak,US,2022-05-14 22:03:47,57.79,-152.4072,42.12,70,100,16.31,overcast clouds
218,Ahuimanu,US,2022-05-14 22:18:43,21.4447,-157.8378,83.91,61,40,14.97,scattered clouds
219,Durango,MX,2022-05-14 22:15:32,24.8333,-104.8333,87.62,12,73,11.07,broken clouds
220,Galesong,ID,2022-05-14 22:18:43,-5.3166,119.3661,75.22,83,100,4.38,overcast clouds
221,Kaitangata,NZ,2022-05-14 22:18:44,-46.2817,169.8464,47.93,76,79,3.4,broken clouds
222,Conchas,BR,2022-05-14 22:18:45,-23.0153,-48.0106,68.68,63,78,4.63,broken clouds
223,Hofn,IS,2022-05-14 22:18:46,64.2539,-15.2082,39.76,93,100,16.53,overcast clouds
224,Novikovo,RU,2022-05-14 22:18:47,51.1537,37.8879,49.41,91,100,8.21,overcast clouds
225,Pozega,HR,2022-05-14 22:18:48,45.3403,17.6853,60.76,67,44,2.04,scattered clouds
226,Hervey Bay,AU,2022-05-14 22:18:49,-25.2986,152.8535,72.01,98,19,4.0,few clouds
227,Gallup,US,2022-05-14 22:18:51,35.5281,-108.7426,84.96,6,0,17.27,clear sky
228,Voyvozh,RU,2022-05-14 22:18:52,62.892,54.9635,46.33,95,100,1.41,light rain
229,Kyren,RU,2022-05-14 22:09:27,51.6828,102.1408,48.02,38,37,2.48,scattered clouds
230,Doha,QA,2022-05-14 22:18:53,25.2867,51.5333,85.98,28,0,16.11,clear sky
231,Eganville,CA,2022-05-14 22:18:54,45.5334,-77.0994,81.52,54,51,7.61,broken clouds
232,Salekhard,RU,2022-05-14 22:18:54,66.53,66.6019,37.74,99,100,13.11,overcast clouds
233,Alekseyevka,RU,2022-05-14 22:18:27,50.6309,38.6903,52.38,96,100,8.43,light rain
234,Longyearbyen,SJ,2022-05-14 22:18:57,78.2186,15.6401,28.24,74,75,5.75,broken clouds
235,Yugorsk,RU,2022-05-14 22:18:57,61.3133,63.3319,46.67,85,100,11.5,overcast clouds
236,Balkhash,KZ,2022-05-14 22:18:58,46.844,74.9804,59.72,72,66,8.37,broken clouds
237,Bacolod,PH,2022-05-14 22:18:59,10.6667,122.95,79.0,81,100,3.94,light rain
238,Severo-Kurilsk,RU,2022-05-14 22:19:00,50.6789,156.125,39.15,91,100,28.61,overcast clouds
239,Kemijarvi,FI,2022-05-14 22:19:01,66.7131,27.4306,45.48,74,100,2.55,overcast clouds
240,Waipawa,NZ,2022-05-14 22:19:01,-41.4122,175.5153,54.27,93,100,5.32,moderate rain
241,Sosnovo-Ozerskoye,RU,2022-05-14 22:19:02,52.5249,111.5418,41.43,56,9,2.59,clear sky
242,Asau,RO,2022-05-14 22:11:31,46.4333,26.4,57.96,71,93,2.98,overcast clouds
243,San Quintin,MX,2022-05-14 22:19:03,30.4833,-115.95,74.07,46,10,12.8,clear sky
244,Cine,TR,2022-05-14 22:19:04,37.6117,28.0614,60.01,77,56,1.66,broken clouds
245,Jieshi,CN,2022-05-14 22:19:05,22.8134,115.8257,69.55,92,100,19.57,moderate rain
246,Saryozek,KZ,2022-05-14 22:19:06,44.3583,77.9753,55.87,93,100,10.47,overcast clouds
247,Castlebar,IE,2022-05-14 22:19:07,53.85,-9.3,52.59,85,17,3.98,few clouds
248,Darhan,MN,2022-05-14 22:17:13,49.4867,105.9228,48.74,36,28,6.73,scattered clouds
249,Togur,RU,2022-05-14 22:19:08,58.3631,82.8265,56.57,49,68,5.68,broken clouds
250,Vilcun,CL,2022-05-14 22:19:09,-38.65,-72.2333,52.54,83,2,2.46,clear sky
251,Midland,US,2022-05-14 22:15:20,31.9974,-102.0779,100.69,9,0,6.91,clear sky
252,Avarua,CK,2022-05-14 22:19:10,-21.2078,-159.775,75.25,88,75,5.75,broken clouds
253,Bilibino,RU,2022-05-14 22:19:11,68.0546,166.4372,35.33,100,100,8.99,light snow
254,Tuktoyaktuk,CA,2022-05-14 22:19:12,69.4541,-133.0374,24.8,80,100,9.22,overcast clouds
255,Adamantina,BR,2022-05-14 22:19:13,-21.6853,-51.0725,72.21,55,63,6.53,broken clouds
256,Deputatskiy,RU,2022-05-14 22:19:14,69.3,139.9,16.09,92,100,3.67,light snow
257,Ordynskoye,RU,2022-05-14 22:19:14,54.3656,81.8994,58.93,74,100,4.97,overcast clouds
258,Luderitz,NA,2022-05-14 22:19:15,-26.6481,15.1594,60.64,47,8,10.16,clear sky
259,Khorixas,NA,2022-05-14 22:19:16,-20.3667,14.9667,67.93,24,0,5.7,clear sky
260,Vestmanna,FO,2022-05-14 22:19:17,62.1564,-7.1664,47.32,93,100,3.44,overcast clouds
261,Aasiaat,GL,2022-05-14 22:19:18,68.7098,-52.8699,23.65,78,72,5.55,broken clouds
262,Port Macquarie,AU,2022-05-14 22:19:19,-31.4333,152.9167,68.9,90,69,5.57,broken clouds
263,Heyang,CN,2022-05-14 22:19:20,26.1011,107.473,50.68,96,100,6.62,overcast clouds
264,Rockport,US,2022-05-14 22:18:47,28.0206,-97.0544,87.85,70,0,16.11,clear sky
265,Praia,CV,2022-05-14 22:19:21,14.9215,-23.5087,82.94,42,0,34.52,clear sky
266,Mahebourg,MU,2022-05-14 22:18:29,-20.4081,57.7,75.49,73,40,6.91,scattered clouds
267,At-Bashi,KG,2022-05-14 22:19:22,41.1702,75.8106,51.12,80,100,2.46,light rain
268,Aykhal,RU,2022-05-14 22:19:23,66.0,111.5,34.88,95,100,4.23,overcast clouds
269,Bathsheba,BB,2022-05-14 22:17:29,13.2167,-59.5167,81.21,69,20,19.57,few clouds
270,Mulege,MX,2022-05-14 22:19:24,26.8833,-111.9833,90.12,18,100,9.28,overcast clouds
271,Am Timan,TD,2022-05-14 22:19:25,11.0297,20.2827,80.19,65,99,13.04,overcast clouds
272,Maragogi,BR,2022-05-14 22:13:08,-9.0122,-35.2225,77.27,86,59,8.99,broken clouds
273,Winton,US,2022-05-14 22:19:27,37.3894,-120.6133,91.42,23,0,16.11,clear sky
274,Prince Rupert,CA,2022-05-14 22:16:05,54.3161,-130.3201,51.89,69,40,8.05,scattered clouds
275,Cortez,US,2022-05-14 22:15:05,37.3489,-108.5859,80.94,9,0,10.36,clear sky
276,Hambantota,LK,2022-05-14 22:19:29,6.1241,81.1185,78.6,88,100,19.53,overcast clouds
277,Cherskiy,RU,2022-05-14 22:19:31,68.75,161.3,26.51,93,100,13.71,light snow
278,Bambous Virieux,MU,2022-05-14 22:19:32,-20.3428,57.7575,75.45,73,40,6.91,scattered clouds
279,Semnan,IR,2022-05-14 22:19:33,35.5729,53.3971,60.64,36,0,0.0,clear sky
280,Zlocieniec,PL,2022-05-14 22:19:33,53.5329,16.0113,47.89,79,67,8.23,broken clouds
281,Eureka,US,2022-05-14 22:15:18,40.8021,-124.1637,74.68,73,100,1.99,overcast clouds
282,Pitimbu,BR,2022-05-14 22:19:34,-7.4706,-34.8086,77.59,82,33,11.12,scattered clouds
283,Leningradskiy,RU,2022-05-14 22:12:57,69.3833,178.4167,35.73,99,100,5.32,light rain
284,Souillac,MU,2022-05-14 22:19:35,-20.5167,57.5167,75.58,73,40,6.91,scattered clouds
285,Port Blair,IN,2022-05-14 22:19:36,11.6667,92.75,78.84,89,75,0.0,drizzle
286,Shenjiamen,CN,2022-05-14 22:19:37,29.9576,122.298,56.12,68,100,8.34,overcast clouds
287,Halacho,MX,2022-05-14 22:19:38,20.4833,-90.0833,92.19,36,16,13.18,few clouds
288,Altamont,US,2022-05-14 22:19:39,42.2068,-121.7372,69.78,40,0,13.8,clear sky
289,Guadalupe,MX,2022-05-14 22:15:09,25.6833,-100.25,97.39,33,0,2.3,clear sky
290,Sobolevo,RU,2022-05-14 22:19:40,54.4299,31.8996,45.93,94,100,8.52,overcast clouds
291,Markova,UA,2022-05-14 22:19:41,48.6758,24.4138,49.14,84,48,4.81,scattered clouds
292,Port Hedland,AU,2022-05-14 22:19:41,-20.3167,118.5667,66.25,82,1,8.05,clear sky
293,Safaga,EG,2022-05-14 22:19:42,26.7292,33.9365,82.44,43,0,14.16,clear sky
294,Umm Kaddadah,SD,2022-05-14 22:19:43,13.6017,26.6876,85.86,37,41,9.42,scattered clouds
295,Cam Ranh,VN,2022-05-14 22:19:44,11.9214,109.1591,78.76,89,20,0.0,few clouds
296,Lorengau,PG,2022-05-14 22:18:45,-2.0226,147.2712,82.87,70,87,5.1,overcast clouds
297,Russell,US,2022-05-14 22:07:07,32.3502,-85.1999,82.0,54,0,3.44,clear sky
298,Marzuq,YE,2022-05-14 22:19:45,14.4,46.4667,71.28,18,18,2.42,few clouds
299,Dawson Creek,CA,2022-05-14 22:19:46,55.7666,-120.2362,56.84,21,0,11.5,clear sky
300,Eenhana,NA,2022-05-14 22:19:47,-17.4667,16.3333,63.77,34,5,6.49,clear sky
301,Rumford,US,2022-05-14 22:19:49,44.5537,-70.5509,85.55,71,56,3.47,broken clouds
302,Ketchikan,US,2022-05-14 22:19:50,55.3422,-131.6461,50.47,76,75,11.5,light rain
303,Pevek,RU,2022-05-14 22:13:56,69.7008,170.3133,31.89,96,100,6.93,light snow
304,Puerto Suarez,BO,2022-05-14 22:19:51,-18.95,-57.8,82.85,48,76,5.99,light rain
305,Xining,CN,2022-05-14 22:12:26,36.6167,101.7667,38.23,81,77,2.75,broken clouds
306,Saskylakh,RU,2022-05-14 22:19:53,71.9167,114.0833,24.39,95,100,11.16,overcast clouds
307,Nola,IT,2022-05-14 22:19:53,40.922,14.5329,64.81,86,0,0.96,clear sky
308,Djambala,CG,2022-05-14 22:19:54,-2.5447,14.7533,69.53,91,31,2.84,light rain
309,Luebo,CD,2022-05-14 22:19:55,-5.35,21.4167,73.76,68,34,0.51,scattered clouds
310,Pangnirtung,CA,2022-05-14 22:19:56,66.1451,-65.7125,19.89,93,84,2.55,broken clouds
311,Kishtwar,IN,2022-05-14 22:19:57,33.3167,75.7667,60.94,37,0,6.78,clear sky
312,Rawson,AR,2022-05-14 22:19:58,-43.3002,-65.1023,51.66,46,0,17.72,clear sky
313,Buarcos,PT,2022-05-14 22:19:59,40.166,-8.8768,64.74,93,4,13.56,clear sky
314,Bonavista,CA,2022-05-14 22:20:01,48.6499,-53.1147,34.84,74,53,6.8,broken clouds
315,Poum,NC,2022-05-14 22:20:02,-20.2333,164.0167,77.2,75,76,16.02,broken clouds
316,Oriximina,BR,2022-05-14 22:20:03,-1.7656,-55.8661,77.63,93,98,3.4,overcast clouds
317,Dingle,PH,2022-05-14 22:20:04,10.9995,122.6711,77.88,86,99,3.02,light rain
318,Beloha,MG,2022-05-14 22:14:31,-25.1667,45.05,65.01,93,0,7.43,clear sky
319,Aswan,EG,2022-05-14 22:20:05,24.0934,32.907,90.5,19,1,16.08,clear sky
320,Riberalta,BO,2022-05-14 22:20:06,-10.9833,-66.1,88.0,62,75,0.0,broken clouds
321,Upington,ZA,2022-05-14 22:12:34,-28.4478,21.2561,57.16,13,0,6.76,clear sky
322,Aklavik,CA,2022-05-14 22:18:15,68.2191,-135.0107,24.8,74,100,9.22,overcast clouds
323,Sainte-Marie,RE,2022-05-14 22:20:08,-20.8968,55.5496,69.93,74,20,5.75,few clouds
324,Pecos,US,2022-05-14 22:20:09,31.4229,-103.4932,99.43,3,0,0.0,clear sky
325,Hauterive,FR,2022-05-14 22:20:10,46.0901,3.4459,63.36,82,98,3.09,overcast clouds
326,Maniwaki,CA,2022-05-14 22:19:55,46.3834,-75.966,84.58,37,28,5.75,scattered clouds
327,Tessalit,ML,2022-05-14 22:20:11,20.1986,1.0114,85.06,9,0,9.48,clear sky
328,Buliwao,PH,2022-05-14 22:20:12,16.4833,121.2333,73.36,96,98,0.96,overcast clouds
329,Puerto Madero,MX,2022-05-14 22:20:13,14.7208,-92.4215,89.8,62,20,11.5,few clouds
330,Sibolga,ID,2022-05-14 22:20:14,1.7427,98.7792,77.65,87,98,2.44,overcast clouds
331,Cap Malheureux,MU,2022-05-14 22:20:15,-19.9842,57.6142,72.46,77,2,5.01,clear sky
332,Faanui,PF,2022-05-14 22:20:15,-16.4833,-151.75,81.45,65,0,14.16,clear sky
333,Berea,US,2022-05-14 22:20:16,41.3662,-81.8543,80.11,71,75,16.11,broken clouds
334,Gagino,RU,2022-05-14 22:20:17,55.2314,45.0339,43.84,93,66,8.16,broken clouds
335,Roebourne,AU,2022-05-14 22:15:22,-20.7833,117.1333,71.76,56,0,14.27,clear sky
336,Karratha,AU,2022-05-14 22:14:22,-20.7377,116.8463,71.87,57,0,13.35,clear sky
337,Qandala,SO,2022-05-14 22:20:18,11.472,49.8728,85.77,39,0,4.07,clear sky
338,Norman Wells,CA,2022-05-14 22:20:19,65.282,-126.8329,41.04,65,75,20.71,broken clouds
339,Ostrovnoy,RU,2022-05-14 22:07:52,68.0531,39.5131,36.43,81,75,5.86,broken clouds
340,Yumen,CN,2022-05-14 22:14:28,40.2833,97.2,47.17,28,0,6.85,clear sky
341,Marienburg,PL,2022-05-14 22:20:21,54.0359,19.0266,51.12,77,22,12.21,few clouds
342,Hilo,US,2022-05-14 22:20:22,19.7297,-155.09,84.27,75,100,14.97,overcast clouds
343,Porto Novo,BJ,2022-05-14 22:20:22,6.4965,2.6036,81.75,81,83,7.27,broken clouds
344,Sungaipenuh,ID,2022-05-14 22:15:22,-2.0833,101.3833,66.63,97,44,2.59,scattered clouds
345,Khani,GE,2022-05-14 22:11:02,41.9563,42.9566,47.77,75,73,5.12,broken clouds
346,Lieksa,FI,2022-05-14 22:20:24,63.3167,30.0167,40.73,91,58,1.86,broken clouds
347,West Wendover,US,2022-05-14 22:20:25,40.7391,-114.0733,79.81,14,0,4.61,clear sky
348,Lensk,RU,2022-05-14 22:20:25,60.7253,114.9278,42.87,83,93,2.48,overcast clouds
349,Monastyrshchina,RU,2022-05-14 22:20:26,54.3496,31.838,45.84,94,100,9.26,overcast clouds
350,Fukue,JP,2022-05-14 22:14:32,32.6881,128.8419,63.39,56,98,14.29,light rain
351,Biak,ID,2022-05-14 22:20:27,-0.9131,122.8766,76.12,85,99,1.48,overcast clouds
352,Lagoa,PT,2022-05-14 22:20:28,39.05,-27.9833,59.56,70,14,30.38,few clouds
353,Kembe,CF,2022-05-14 22:20:28,4.6228,21.8865,70.5,96,99,2.24,overcast clouds
354,Ilhabela,BR,2022-05-14 22:20:29,-23.7781,-45.3581,70.65,85,88,10.33,overcast clouds
355,Bandarbeyla,SO,2022-05-14 22:20:30,9.4942,50.8122,81.48,85,1,22.03,clear sky
356,Milledgeville,US,2022-05-14 22:20:31,33.0801,-83.2321,83.86,53,40,0.0,scattered clouds
357,Jiangyou,CN,2022-05-14 22:20:32,31.7667,104.7167,58.98,85,100,0.6,overcast clouds
358,Sabinas Hidalgo,MX,2022-05-14 22:20:33,26.5,-100.1667,97.38,30,0,14.65,clear sky
359,Archdale,US,2022-05-14 22:20:33,35.9146,-79.972,79.09,69,18,4.18,few clouds
360,Copperas Cove,US,2022-05-14 22:18:21,31.1241,-97.9031,92.52,48,0,12.66,clear sky
361,Ndola,ZM,2022-05-14 22:20:34,-12.9587,28.6366,55.65,66,0,5.57,clear sky
362,Talnakh,RU,2022-05-14 22:19:48,69.4865,88.3972,35.28,99,100,6.58,overcast clouds
363,Ganganagar,IN,2022-05-14 22:20:35,29.9167,73.8833,92.46,7,0,10.45,clear sky
364,Poyarkovo,RU,2022-05-14 22:20:36,49.6,128.6833,43.72,59,51,16.8,broken clouds
365,Paducah,US,2022-05-14 22:20:37,37.0834,-88.6001,87.21,46,0,3.44,clear sky
366,Tigil,RU,2022-05-14 22:20:37,57.8,158.6667,52.61,63,100,12.39,overcast clouds
367,Vanimo,PG,2022-05-14 22:20:38,-2.6741,141.3028,79.41,81,83,4.36,broken clouds
368,Tezu,IN,2022-05-14 22:20:39,27.9167,96.1667,71.37,99,100,3.83,overcast clouds
369,Fairbanks,US,2022-05-14 22:12:50,64.8378,-147.7164,48.09,68,100,9.22,light rain
370,Inhambane,MZ,2022-05-14 22:20:42,-23.865,35.3833,69.55,77,0,6.89,clear sky
371,Manzanillo,CU,2022-05-14 22:20:42,20.3433,-77.1167,85.19,57,53,4.61,broken clouds
372,Takoradi,GH,2022-05-14 22:12:28,4.8845,-1.7554,80.51,85,100,8.5,overcast clouds
373,Gamba,GA,2022-05-14 22:19:40,-2.65,10.0,77.49,93,99,4.79,overcast clouds
374,Kaoma,ZM,2022-05-14 22:20:44,-14.7833,24.8,60.46,57,25,5.28,scattered clouds
375,Lalibela,ET,2022-05-14 22:20:45,12.0333,39.0333,62.74,38,0,7.36,clear sky
376,Upernavik,GL,2022-05-14 22:20:46,72.7868,-56.1549,16.7,83,12,4.9,few clouds
377,Touros,BR,2022-05-14 22:15:06,-5.1989,-35.4608,79.0,84,61,12.77,broken clouds
378,Umea,SE,2022-05-14 22:20:47,63.8284,20.2597,43.92,70,0,11.5,clear sky
379,Gull Lake,CA,2022-05-14 22:20:47,50.1001,-108.4847,56.07,48,97,16.91,overcast clouds
380,Zhigansk,RU,2022-05-14 22:20:49,66.7697,123.3711,22.35,73,13,11.14,few clouds
381,Puerto Del Rosario,ES,2022-05-14 22:20:49,28.5004,-13.8627,69.55,73,0,9.22,clear sky
382,Herran,CO,2022-05-14 22:20:50,7.5061,-72.4833,66.4,90,92,2.66,overcast clouds
383,Grindavik,IS,2022-05-14 22:20:51,63.8424,-22.4338,45.07,93,75,29.93,light intensity drizzle
384,Toora-Khem,RU,2022-05-14 22:20:52,52.4675,96.11,42.48,54,10,2.21,clear sky
385,Atar,MR,2022-05-14 22:20:52,20.5169,-13.0499,94.55,11,83,7.76,broken clouds
386,Nirasaki,JP,2022-05-14 22:20:53,35.7,138.45,61.48,68,100,0.81,overcast clouds
387,Machiques,VE,2022-05-14 22:20:53,10.0644,-72.545,87.94,71,86,2.35,overcast clouds
388,Vardo,NO,2022-05-14 22:20:54,70.3705,31.1107,31.98,93,15,4.61,few clouds
389,Leh,IN,2022-05-14 22:17:28,34.1667,77.5833,47.52,32,1,4.36,clear sky
390,Quatre Cocos,MU,2022-05-14 22:20:55,-20.2078,57.7625,75.31,76,75,12.03,broken clouds
391,Codrington,AU,2022-05-14 22:13:23,-38.2667,141.9667,55.42,88,67,14.52,broken clouds
392,Hun,LY,2022-05-14 22:14:48,29.1268,15.9477,70.36,25,0,7.47,clear sky
393,Garachine,PA,2022-05-14 22:20:57,8.0647,-78.3628,82.11,80,88,5.84,overcast clouds
394,Bahia Blanca,AR,2022-05-14 22:20:58,-38.7196,-62.2724,52.36,51,0,6.49,clear sky
395,Ixtapa,MX,2022-05-14 22:16:52,20.7,-105.2,82.22,69,75,6.91,broken clouds
396,Brigantine,US,2022-05-14 22:17:38,39.4101,-74.3646,64.04,100,100,8.05,fog
397,Ciudad Bolivar,VE,2022-05-14 22:20:59,8.1222,-63.5497,89.73,45,93,13.24,overcast clouds
398,Lianzhou,CN,2022-05-14 22:21:00,24.7811,112.3825,62.62,96,100,5.35,overcast clouds
399,Mvangue,CM,2022-05-14 22:21:01,2.9667,11.5167,68.56,98,83,1.81,broken clouds
400,Airai,TL,2022-05-14 22:21:02,-8.9266,125.4092,61.34,96,79,1.01,broken clouds
401,Saint-Pierre,RE,2022-05-14 22:21:03,-21.3393,55.4781,69.91,68,40,8.05,scattered clouds
402,Kapit,MY,2022-05-14 22:21:04,2.0167,112.9333,72.84,91,100,0.87,overcast clouds
403,Alta Floresta,BR,2022-05-14 22:21:05,-9.8756,-56.0861,78.71,74,59,2.86,broken clouds
404,Huarmey,PE,2022-05-14 22:21:05,-10.0681,-78.1522,68.31,76,11,8.63,few clouds
405,Selikhino,RU,2022-05-14 22:21:06,50.3672,137.4996,40.87,71,100,14.27,light rain
406,Moose Factory,CA,2022-05-14 22:14:12,51.2585,-80.6094,79.75,45,100,4.61,overcast clouds
407,Kununurra,AU,2022-05-14 22:21:08,-15.7667,128.7333,69.78,94,0,0.0,clear sky
408,Pinczow,PL,2022-05-14 22:21:09,50.5205,20.5265,53.85,74,79,6.29,broken clouds
409,Taiyuan,CN,2022-05-14 22:21:09,37.8694,112.5603,40.86,87,0,4.47,clear sky
410,Camacha,PT,2022-05-14 22:21:10,33.0833,-16.3333,63.82,77,20,8.05,few clouds
411,Nantucket,US,2022-05-14 22:21:11,41.2835,-70.0995,71.71,100,100,4.61,fog
412,Flinders,AU,2022-05-14 22:21:12,-34.5833,150.8552,68.18,93,94,5.99,overcast clouds
413,Saint Anthony,US,2022-05-14 22:14:52,45.0205,-93.218,74.93,36,0,19.57,clear sky
414,Chukhloma,RU,2022-05-14 22:21:14,58.7525,42.6825,41.36,98,98,6.11,overcast clouds
415,Atambua,ID,2022-05-14 22:21:15,-9.1061,124.8925,73.47,89,35,3.13,scattered clouds
416,Coxim,BR,2022-05-14 22:21:16,-18.5067,-54.76,82.26,47,69,3.98,broken clouds
417,Bilma,NE,2022-05-14 22:21:17,18.6853,12.9164,81.97,17,0,10.36,clear sky
418,Kirakira,SB,2022-05-14 22:21:17,-10.4544,161.9205,82.6,75,26,0.78,scattered clouds
419,Port Hawkesbury,CA,2022-05-14 22:21:18,45.6169,-61.3485,56.59,88,100,11.5,mist
420,Pital,CO,2022-05-14 22:21:19,2.2665,-75.8044,71.82,88,86,4.97,overcast clouds
421,Lakatoro,VU,2022-05-14 22:21:20,-16.0999,167.4164,79.74,65,97,9.26,overcast clouds
422,Qasigiannguit,GL,2022-05-14 22:21:20,68.8193,-51.1922,28.65,81,43,3.0,scattered clouds
423,Taoudenni,ML,2022-05-14 22:12:37,22.6783,-3.9836,86.72,9,9,11.18,clear sky
424,Dormidontovka,RU,2022-05-14 22:21:21,47.7702,134.9076,50.32,59,71,14.54,broken clouds
425,Uray,RU,2022-05-14 22:21:22,60.1247,64.7758,45.09,78,85,8.97,overcast clouds
426,San Carlos De Bariloche,AR,2022-05-14 22:19:41,-41.1456,-71.3082,46.15,42,0,9.22,clear sky
427,Whitehorse,CA,2022-05-14 22:21:23,60.7161,-135.0538,44.02,48,100,4.61,light rain and snow
428,Pathein,MM,2022-05-14 22:21:24,16.7833,94.7333,80.15,84,5,4.12,clear sky
429,Villamontes,BO,2022-05-14 22:21:24,-21.25,-63.5,63.81,81,100,3.65,overcast clouds
430,Mehamn,NO,2022-05-14 22:21:25,71.0357,27.8492,35.51,87,45,7.34,scattered clouds
431,Erie,US,2022-05-14 22:21:26,42.7667,-78.6664,72.16,79,100,3.0,overcast clouds
432,Hobyo,SO,2022-05-14 22:11:35,5.3505,48.5268,80.96,80,68,24.56,broken clouds
433,Solnechnyy,RU,2022-05-14 22:21:27,50.7214,136.6319,40.06,68,100,10.78,light rain
434,Sayat,TM,2022-05-14 22:21:28,38.7839,63.8803,64.27,26,3,13.2,clear sky
435,Kisangani,CD,2022-05-14 22:21:29,0.5167,25.2,71.55,98,73,1.54,light rain
436,Aden,YE,2022-05-14 22:21:29,12.7794,45.0367,88.61,48,5,7.34,clear sky
437,Okato,NZ,2022-05-14 22:21:30,-39.2,173.8833,64.18,97,99,5.99,moderate rain
438,Brownsville,US,2022-05-14 22:21:31,25.9018,-97.4975,91.4,56,0,16.11,clear sky
439,Coahuayana,MX,2022-05-14 22:15:16,18.7333,-103.6833,88.86,47,100,7.58,overcast clouds
440,Comodoro Rivadavia,AR,2022-05-14 22:21:32,-45.8667,-67.5,48.06,46,0,9.22,clear sky
441,Greenville,US,2022-05-14 22:17:02,35.6127,-77.3663,77.02,83,75,4.61,broken clouds
442,Khislavichi,RU,2022-05-14 22:21:33,54.1871,32.1582,45.99,94,100,8.84,overcast clouds
443,Lufilufi,WS,2022-05-14 22:21:34,-13.8745,-171.5986,83.98,68,100,13.91,overcast clouds
444,Spoleto,IT,2022-05-14 22:21:35,42.7448,12.7374,67.78,65,2,3.76,clear sky
445,Sabha,LY,2022-05-14 22:21:35,27.0377,14.4283,70.61,25,0,9.91,clear sky
446,Shitkino,RU,2022-05-14 22:21:36,56.3703,98.3543,51.42,42,8,2.73,clear sky
447,Tabou,CI,2022-05-14 22:21:37,4.423,-7.3528,76.59,88,100,2.59,overcast clouds
448,Tefe,BR,2022-05-14 22:21:38,-3.3542,-64.7114,87.91,74,20,2.3,few clouds
449,Thabazimbi,ZA,2022-05-14 22:21:39,-24.5917,27.4116,64.76,34,1,4.27,clear sky
450,Dankov,RU,2022-05-14 22:21:40,53.2515,39.1555,48.4,84,100,6.2,overcast clouds
451,Okha,RU,2022-05-14 22:19:53,53.5739,142.9478,33.94,99,100,14.67,light snow
452,Odienne,CI,2022-05-14 22:21:41,9.51,-7.5692,81.7,54,66,4.27,broken clouds
453,Toppenish,US,2022-05-14 22:21:42,46.3774,-120.3087,64.72,69,79,9.66,broken clouds
454,Christiana,ZA,2022-05-14 22:21:43,-27.914,25.1611,55.85,24,0,5.37,clear sky
455,Mattru,SL,2022-05-14 22:21:44,7.6244,-11.8332,73.67,95,81,7.45,heavy intensity rain
456,Atbasar,KZ,2022-05-14 22:21:45,51.8,68.3333,49.78,89,15,8.75,few clouds
457,Wismar,DE,2022-05-14 22:20:14,53.9,11.4667,50.25,82,44,4.0,scattered clouds
458,Teluk Nibung,ID,2022-05-14 22:21:46,3.001,99.8164,77.83,92,100,3.62,overcast clouds
459,Algiers,DZ,2022-05-14 22:21:47,36.7525,3.042,58.82,100,40,4.61,mist
460,Kovdor,RU,2022-05-14 22:21:48,67.5662,30.4758,42.28,85,54,3.09,broken clouds
461,Canico,PT,2022-05-14 22:21:50,32.6333,-16.85,68.0,83,20,10.36,few clouds
462,Neiafu,TO,2022-05-14 22:21:51,-18.65,-173.9833,79.48,61,20,5.75,few clouds
463,Golden,US,2022-05-14 22:21:52,39.7555,-105.2211,82.26,15,75,5.75,broken clouds
464,Tilichiki,RU,2022-05-14 22:21:52,60.4667,166.1,33.89,99,100,2.26,overcast clouds
465,Palmer,US,2022-05-14 22:10:41,42.1584,-72.3287,78.39,64,100,14.97,overcast clouds
466,Port Augusta,AU,2022-05-14 22:21:53,-32.5,137.7667,57.0,84,0,3.29,clear sky
467,Fairfield,US,2022-05-14 22:16:54,41.2668,-73.3162,71.83,91,75,6.91,light rain
468,Macomb,US,2022-05-14 22:21:33,40.4592,-90.6718,86.63,29,0,5.75,clear sky
469,Lola,GN,2022-05-14 22:21:55,7.8,-8.5333,73.36,96,99,2.28,light rain
470,Fortuna,US,2022-05-14 22:13:54,40.5982,-124.1573,68.94,75,0,11.5,clear sky
471,Mananjary,MG,2022-05-14 22:21:56,-21.2167,48.3333,67.51,83,20,3.04,few clouds
472,Kharabali,RU,2022-05-14 22:21:57,47.4196,47.2568,58.46,71,87,5.17,overcast clouds
473,Saint-Denis,FR,2022-05-14 22:21:57,48.9167,2.3333,65.35,57,0,5.75,clear sky
474,Usvyaty,RU,2022-05-14 22:21:58,55.7456,30.7533,44.24,95,98,5.17,overcast clouds
475,Araria,IN,2022-05-14 22:21:59,26.15,87.5167,81.52,81,50,11.01,scattered clouds
476,Namwala,ZM,2022-05-14 22:22:00,-15.7504,26.4384,59.95,62,36,4.45,scattered clouds
477,Krasnoselkup,RU,2022-05-14 22:22:01,65.7,82.4667,47.86,69,8,10.18,clear sky
478,Inongo,CD,2022-05-14 22:22:02,-1.95,18.2667,71.31,97,47,2.08,moderate rain
479,Nago,JP,2022-05-14 22:21:23,26.5881,127.9761,76.05,93,100,5.91,moderate rain
480,Tazovskiy,RU,2022-05-14 22:22:03,67.4667,78.7,37.04,99,100,12.82,overcast clouds
481,Salinas,US,2022-05-14 22:18:44,36.6777,-121.6555,91.99,55,0,12.66,clear sky
482,Bairiki,KI,2022-05-14 22:22:04,1.3292,172.9752,84.2,74,20,3.44,few clouds
483,Mawlaik,MM,2022-05-14 22:22:05,23.6333,94.4167,74.84,96,49,0.63,scattered clouds
484,Keskin,TR,2022-05-14 22:22:06,39.6731,33.6136,56.64,60,83,5.28,light rain
485,Constitucion,CL,2022-05-14 22:18:10,-35.3333,-72.4167,54.48,63,60,8.99,broken clouds
486,Harper,LR,2022-05-14 22:14:35,4.375,-7.7169,76.23,86,100,4.61,overcast clouds
487,Mount Gambier,AU,2022-05-14 22:22:08,-37.8333,140.7667,54.81,92,40,10.11,scattered clouds
488,Marsh Harbour,BS,2022-05-14 22:22:09,26.5412,-77.0636,79.07,74,78,8.75,broken clouds
489,Esil,KZ,2022-05-14 22:22:10,51.9556,66.4042,50.94,84,14,7.94,few clouds
490,Roald,NO,2022-05-14 22:13:21,62.5833,6.1333,48.76,81,100,14.97,overcast clouds
491,Pundaguitan,PH,2022-05-14 22:22:11,6.3711,126.1689,80.74,78,100,5.26,overcast clouds
492,Afyonkarahisar,TR,2022-05-14 22:22:11,38.75,30.6667,52.18,80,21,3.29,light rain
493,Lanzhou,CN,2022-05-14 22:22:12,36.0564,103.7922,50.97,56,100,3.31,overcast clouds
494,Kahului,US,2022-05-14 22:21:02,20.8947,-156.47,84.22,48,20,21.85,few clouds
495,Khurda,IN,2022-05-14 22:22:13,20.1833,85.6167,82.89,84,89,16.62,overcast clouds
496,Springbok,ZA,2022-05-14 22:22:14,-29.6643,17.8865,50.77,23,0,6.76,clear sky
497,Baiao,BR,2022-05-14 22:22:15,-2.7906,-49.6717,75.22,98,94,2.91,overcast clouds
498,Tsaratanana,MG,2022-05-14 22:22:16,-16.7833,47.65,66.29,83,1,9.31,clear sky
499,Pingliang,CN,2022-05-14 22:22:16,35.5392,106.6861,47.89,55,100,1.79,overcast clouds
500,Kurilsk,RU,2022-05-14 22:22:17,45.2333,147.8833,43.47,80,82,12.37,broken clouds
501,Flers,FR,2022-05-14 22:22:18,48.7372,-0.5747,55.65,76,100,6.93,overcast clouds
502,Ostersund,SE,2022-05-14 22:22:19,63.1792,14.6357,37.85,87,96,16.11,overcast clouds
503,Mujiayingzi,CN,2022-05-14 22:22:20,42.1167,118.7833,45.37,50,0,7.58,clear sky
504,Ouango,CF,2022-05-14 22:22:21,4.3133,22.5552,69.75,97,78,2.73,broken clouds
505,Tapiramuta,BR,2022-05-14 22:19:04,-11.8472,-40.7914,69.04,66,99,7.29,overcast clouds
506,Grand Gaube,MU,2022-05-14 22:15:09,-20.0064,57.6608,75.6,77,5,3.0,clear sky
507,Midyat,TR,2022-05-14 22:22:22,37.4247,41.3393,64.71,44,96,4.54,overcast clouds
508,Whitianga,NZ,2022-05-14 22:22:24,-36.8333,175.7,64.38,84,92,11.79,light rain
509,Saint-Francois,FR,2022-05-14 22:18:58,46.4154,3.9054,57.67,82,0,1.14,clear sky
510,Arai,JP,2022-05-14 22:22:26,37.0167,138.25,56.62,78,100,1.66,overcast clouds
511,Qui Nhon,VN,2022-05-14 22:22:27,13.7667,109.2333,80.55,83,100,5.21,overcast clouds
512,Marawi,PH,2022-05-14 22:22:28,7.9986,124.2928,70.52,91,100,1.72,overcast clouds
513,Rawlins,US,2022-05-14 22:21:04,41.7911,-107.2387,68.36,21,20,28.77,few clouds
514,Sitrah,BH,2022-05-14 22:22:29,26.1547,50.6206,86.36,44,0,19.57,clear sky
515,Rehoboth,NA,2022-05-14 22:22:30,-23.3167,17.0833,59.38,25,0,5.32,clear sky
516,Avera,US,2022-05-14 22:22:30,33.194,-82.5271,83.37,41,44,1.61,scattered clouds
517,Sioux Lookout,CA,2022-05-14 22:22:31,50.1001,-91.917,51.87,82,100,13.8,light intensity shower rain
518,Muros,ES,2022-05-14 22:22:32,42.7762,-9.0603,60.17,90,76,7.74,broken clouds
519,Lat Yao,TH,2022-05-14 22:22:32,15.751,99.7893,81.16,77,33,3.89,light rain
520,Misratah,LY,2022-05-14 22:22:34,32.3754,15.0925,68.77,57,0,7.83,clear sky
521,Winchester,GB,2022-05-14 22:22:34,51.0651,-1.3187,57.49,74,75,4.61,broken clouds
522,Boyolangu,ID,2022-05-14 22:22:35,-8.1181,111.8935,75.83,91,98,0.07,overcast clouds
523,Nuuk,GL,2022-05-14 22:13:56,64.1835,-51.7216,25.41,74,75,3.44,broken clouds
524,Amga,RU,2022-05-14 22:22:36,60.8953,131.9608,31.71,78,95,4.47,overcast clouds
525,Plouzane,FR,2022-05-14 22:22:37,48.3833,-4.6167,57.25,91,0,5.75,clear sky
526,Nagua,DO,2022-05-14 22:22:38,19.3832,-69.8474,82.45,78,40,11.5,scattered clouds
527,Cockburn Town,TC,2022-05-14 22:22:38,21.4612,-71.1419,79.29,86,100,20.65,overcast clouds
528,Vestmannaeyjar,IS,2022-05-14 22:22:39,63.4427,-20.2734,45.88,88,100,28.39,overcast clouds
529,Laguna,US,2022-05-14 22:22:40,38.421,-121.4238,91.49,24,0,12.66,clear sky
530,Khonsa,IN,2022-05-14 22:22:41,27.0167,95.5667,65.28,98,99,2.77,overcast clouds
531,Buin,CL,2022-05-14 22:19:07,-33.7333,-70.75,66.52,42,100,2.48,overcast clouds
532,Brodokalmak,RU,2022-05-14 22:22:42,55.5748,62.082,52.7,73,83,8.55,broken clouds
533,Bouna,CI,2022-05-14 22:22:43,9.2667,-3.0,78.96,76,45,6.82,scattered clouds
534,Taihe,CN,2022-05-14 22:22:44,30.8712,105.3845,57.76,78,100,2.91,light rain
535,Banamba,ML,2022-05-14 22:22:44,13.55,-7.45,89.2,7,29,9.08,scattered clouds
536,Morgan City,US,2022-05-14 22:22:45,29.6994,-91.2068,88.02,65,65,9.35,broken clouds
537,Havoysund,NO,2022-05-14 22:19:47,70.9963,24.6622,39.43,87,97,10.29,overcast clouds
538,Moa,CU,2022-05-14 22:22:46,20.6569,-74.9403,80.55,79,96,2.82,overcast clouds
539,Lavrentiya,RU,2022-05-14 22:22:47,65.5833,-171.0,31.06,99,97,7.58,overcast clouds
540,Whitefish,US,2022-05-14 22:22:48,48.4111,-114.3376,51.55,56,100,11.5,overcast clouds
541,Tuatapere,NZ,2022-05-14 22:22:49,-46.1333,167.6833,47.35,87,80,3.47,broken clouds
542,Cabras,IT,2022-05-14 22:22:50,39.93,8.5314,59.18,50,66,5.19,broken clouds
543,Manzhouli,CN,2022-05-14 22:22:51,49.6,117.4333,49.05,42,88,6.96,overcast clouds
544,Outjo,NA,2022-05-14 22:22:51,-20.1167,16.15,61.02,31,1,4.59,clear sky
545,Havre-Saint-Pierre,CA,2022-05-14 22:22:52,50.2334,-63.5986,61.16,27,0,13.8,clear sky
546,Mogadishu,SO,2022-05-14 22:22:53,2.0371,45.3438,80.46,84,77,14.34,broken clouds
547,Truth Or Consequences,US,2022-05-14 22:22:54,33.1284,-107.2528,94.91,3,0,6.91,clear sky
548,Sanming,CN,2022-05-14 22:22:55,26.2486,117.6186,63.84,99,100,3.91,overcast clouds
549,Geraldton,AU,2022-05-14 22:14:21,-28.7667,114.6,59.41,82,100,6.91,overcast clouds
550,Kalmunai,LK,2022-05-14 22:09:20,7.4167,81.8167,79.21,83,100,8.55,overcast clouds
551,Ayakudi,IN,2022-05-14 22:22:57,10.45,77.55,76.98,85,100,1.77,overcast clouds
552,Arcachon,FR,2022-05-14 22:22:57,44.5875,-1.0519,65.41,94,100,0.0,overcast clouds
553,Taylorville,US,2022-05-14 22:22:58,39.5489,-89.2945,89.49,34,0,9.22,clear sky
554,Nadym,RU,2022-05-14 22:22:59,65.5333,72.5167,43.18,97,100,8.66,overcast clouds
555,Santa Cruz,BO,2022-05-14 22:23:01,-17.8,-63.1667,77.05,65,75,12.66,broken clouds
556,Rawah,IQ,2022-05-14 22:23:01,34.4816,41.9093,79.25,25,97,12.64,overcast clouds
557,San Matias,BO,2022-05-14 22:23:02,-16.3667,-58.4,83.41,44,32,5.14,scattered clouds
558,Zavoi,RO,2022-05-14 22:23:03,45.5167,22.4167,55.98,81,56,3.49,broken clouds
559,Wellington,NZ,2022-05-14 22:23:04,-41.2866,174.7756,60.06,91,75,2.3,broken clouds
560,Mount Barker,AU,2022-05-14 22:23:05,-35.0667,138.8667,57.11,94,21,10.0,light rain
561,Mazagao,BR,2022-05-14 22:23:05,-0.115,-51.2894,80.65,95,98,3.51,moderate rain
562,Sabzevar,IR,2022-05-14 22:23:06,36.2126,57.6819,57.67,39,0,12.71,clear sky
563,Olafsvik,IS,2022-05-14 22:23:07,64.8945,-23.7142,42.33,75,100,15.75,moderate rain
564,Alugan,PH,2022-05-14 22:23:08,12.2188,125.4808,78.28,85,100,7.43,overcast clouds
565,Loandjili,CG,2022-05-14 22:23:08,-4.7561,11.8578,77.0,91,18,3.94,few clouds
566,Lazaro Cardenas,MX,2022-05-14 22:23:09,17.9583,-102.2,86.25,60,72,13.8,broken clouds
567,Skjervoy,NO,2022-05-14 22:23:10,70.0311,20.9714,42.8,97,100,11.61,light rain
568,Salina,US,2022-05-14 22:20:01,38.8403,-97.6114,91.31,31,0,8.05,clear sky
569,Fasa,IR,2022-05-14 22:23:12,28.9383,53.6482,67.24,24,0,6.91,dust
570,Banda Aceh,ID,2022-05-14 22:23:12,5.5577,95.3222,80.31,82,95,2.55,overcast clouds
571,Damascus,SY,2022-05-14 22:18:24,33.5102,36.2913,72.36,32,88,16.33,light rain
572,Bardiyah,LY,2022-05-14 22:23:13,31.7561,25.0865,64.81,78,1,7.83,clear sky
573,Dombarovskiy,RU,2022-05-14 22:21:12,50.7587,59.5386,52.36,73,77,7.83,broken clouds
574,Novobirilyussy,RU,2022-05-14 22:23:15,56.9514,90.6661,57.4,56,96,4.32,overcast clouds
575,Kristiinankaupunki,FI,2022-05-14 22:23:15,62.2743,21.376,42.55,78,9,17.02,clear sky
576,Naze,JP,2022-05-14 22:21:42,28.3667,129.4833,63.52,82,100,14.47,overcast clouds
577,Agropoli,IT,2022-05-14 22:23:16,40.3469,14.9966,61.45,78,1,4.0,clear sky
578,Mayo,US,2022-05-14 22:23:17,38.8876,-76.5119,70.21,93,100,3.44,mist
579,Irece,BR,2022-05-14 22:19:24,-11.3042,-41.8558,76.1,45,91,12.66,overcast clouds
580,Glenwood Springs,US,2022-05-14 22:23:18,39.5505,-107.3248,77.92,17,0,14.97,clear sky
581,Puerto Asis,CO,2022-05-14 22:23:19,0.5133,-76.5007,76.5,87,100,0.51,overcast clouds
582,Evanton,GB,2022-05-14 22:23:20,57.6638,-4.34,50.59,88,84,1.9,broken clouds
583,Mount Isa,AU,2022-05-14 22:23:21,-20.7333,139.5,60.57,88,7,0.0,clear sky
584,Vao,NC,2022-05-14 22:23:22,-22.6667,167.4833,73.58,71,71,18.92,broken clouds
585,Dali,CN,2022-05-14 22:23:22,25.7,100.1833,61.74,90,91,4.32,overcast clouds
586,Guerrero Negro,MX,2022-05-14 22:23:06,27.9769,-114.0611,76.64,40,100,15.93,overcast clouds
587,Kango,GA,2022-05-14 22:23:24,0.1943,10.0951,75.88,97,100,2.28,light rain
588,Santiago Del Estero,AR,2022-05-14 22:23:25,-27.7951,-64.2615,64.11,63,76,6.78,broken clouds
589,Mala,PE,2022-05-14 22:23:26,-12.6581,-76.6308,67.59,77,28,5.79,scattered clouds
590,Shahreza,IR,2022-05-14 22:23:27,32.0339,51.8794,54.25,35,0,4.03,clear sky
591,El Tigre,VE,2022-05-14 22:23:27,8.8875,-64.2454,88.07,43,88,9.15,overcast clouds
592,Chapais,CA,2022-05-14 22:23:28,49.7834,-74.8492,74.98,50,100,6.71,overcast clouds
593,Cartagena,CO,2022-05-14 22:19:04,10.3997,-75.5144,85.62,79,75,6.31,broken clouds
594,Ishigaki,JP,2022-05-14 22:23:29,24.3448,124.1572,75.33,100,100,8.05,overcast clouds
595,High Level,CA,2022-05-14 22:23:30,58.5169,-117.136,59.11,58,75,6.91,broken clouds
596,Mpika,ZM,2022-05-14 22:23:31,-11.8343,31.4529,55.58,65,1,4.9,clear sky
597,Kostomuksha,RU,2022-05-14 22:23:32,64.571,30.5767,42.48,88,95,4.14,overcast clouds
598,Ucluelet,CA,2022-05-14 22:23:33,48.9329,-125.5528,51.1,92,100,3.0,overcast clouds
599,Otacilio Costa,BR,2022-05-14 22:23:34,-27.4831,-50.1219,54.57,95,100,1.72,overcast clouds
600,Gumdag,TM,2022-05-14 22:23:34,39.2061,54.5906,70.03,39,2,9.98,clear sky
601,Marrakesh,MA,2022-05-14 22:18:36,31.6315,-8.0083,68.07,64,0,9.22,clear sky
602,Poplar Bluff,US,2022-05-14 22:23:36,36.757,-90.3929,89.33,40,0,3.44,clear sky
603,Lerwick,GB,2022-05-14 22:23:37,60.1545,-1.1494,48.2,87,89,8.14,overcast clouds
604,Ulladulla,AU,2022-05-14 22:23:38,-35.35,150.4667,63.77,83,93,2.48,moderate rain
605,Umm Lajj,SA,2022-05-14 22:13:43,25.0213,37.2685,91.96,26,0,5.82,clear sky
606,Pacific Grove,US,2022-05-14 22:23:40,36.6177,-121.9166,83.55,73,20,8.05,few clouds
607,Mentougou,CN,2022-05-14 22:23:40,39.9392,116.0917,50.94,28,0,3.85,clear sky
608,Spirit River,CA,2022-05-14 22:23:42,55.7833,-118.8361,57.63,28,57,11.43,broken clouds
609,Rulenge,TZ,2022-05-14 22:23:42,-2.7175,30.6325,60.66,94,14,3.15,few clouds
610,Badhni Kalan,IN,2022-05-14 22:23:43,30.6833,75.2833,90.28,6,0,4.5,clear sky
611,Los Llanos De Aridane,ES,2022-05-14 22:21:51,28.6585,-17.9182,64.15,74,20,7.0,few clouds
612,New York,US,2022-05-14 22:21:29,40.7143,-74.006,70.16,91,100,5.75,moderate rain
613,Sai Buri,TH,2022-05-14 22:23:45,6.7013,101.6168,78.78,87,73,3.47,broken clouds
614,Conceicao Do Araguaia,BR,2022-05-14 22:23:46,-8.2578,-49.2647,78.08,78,93,2.26,overcast clouds
615,Rubbestadneset,NO,2022-05-14 22:23:46,59.8147,5.2681,49.48,91,67,6.73,broken clouds
616,Pozo Colorado,PY,2022-05-14 22:23:47,-23.4923,-58.7972,64.65,97,100,7.67,overcast clouds
617,Tarauaca,BR,2022-05-14 22:23:48,-8.1614,-70.7656,80.89,81,71,1.21,broken clouds
618,Kieta,PG,2022-05-14 22:23:49,-6.2167,155.6333,82.62,67,46,1.36,scattered clouds
619,Cayenne,GF,2022-05-14 22:20:43,4.9333,-52.3333,82.09,1,20,5.75,few clouds
620,Nabire,ID,2022-05-14 22:23:50,-3.3667,135.4833,76.46,85,87,2.51,overcast clouds
621,Moindou,NC,2022-05-14 22:23:51,-21.6924,165.677,75.54,70,70,4.7,broken clouds
622,Sabang,ID,2022-05-14 22:23:51,5.8933,95.3214,83.03,76,100,4.43,overcast clouds
623,Punta Alta,AR,2022-05-14 22:23:12,-38.8759,-62.0736,53.47,58,1,10.04,clear sky
624,Richards Bay,ZA,2022-05-14 22:23:53,-28.783,32.0377,67.12,92,95,6.38,light rain
625,Ambunti,PG,2022-05-14 22:23:53,-4.2365,142.8448,77.27,88,91,0.58,overcast clouds
626,Aksarka,RU,2022-05-14 22:19:25,66.5606,67.7975,39.4,99,100,8.86,overcast clouds
627,Nome,US,2022-05-14 22:23:54,64.5011,-165.4064,37.17,69,100,12.66,overcast clouds
628,Olinda,BR,2022-05-14 22:23:55,-8.0089,-34.8553,82.13,74,40,10.36,scattered clouds
629,Portland,US,2022-05-14 22:20:43,45.5234,-122.6762,71.64,47,40,12.66,scattered clouds
630,Tura,IN,2022-05-14 22:23:57,25.5198,90.2201,73.02,98,93,7.2,heavy intensity rain
631,Menongue,AO,2022-05-14 22:23:57,-14.6585,17.691,59.4,54,2,4.85,clear sky
632,Hastings,GB,2022-05-14 22:23:58,50.8552,0.5729,56.79,83,89,9.82,overcast clouds
633,Mikhaylovka,RU,2022-05-14 22:23:59,50.06,43.2379,50.7,94,99,7.54,overcast clouds
634,Narrabri,AU,2022-05-14 22:23:59,-30.3167,149.7833,69.53,85,68,1.99,broken clouds
635,San-Pedro,CI,2022-05-14 22:24:00,4.7485,-6.6363,76.32,92,100,4.59,overcast clouds
636,Port Lavaca,US,2022-05-14 22:24:01,28.615,-96.6261,92.3,54,0,12.66,clear sky
637,Mwinilunga,ZM,2022-05-14 22:24:02,-11.7358,24.4293,57.4,63,0,4.54,clear sky
638,Sinop,TR,2022-05-14 22:24:03,41.7711,34.8709,55.87,75,88,5.26,overcast clouds
639,Barcelos,PT,2022-05-14 22:15:07,41.5388,-8.6151,64.85,81,87,8.19,overcast clouds
640,Westport,US,2022-05-14 22:24:04,41.1415,-73.3579,71.15,93,100,4.61,moderate rain
641,Paulo Afonso,BR,2022-05-14 22:24:05,-9.4061,-38.2147,78.46,69,86,12.68,overcast clouds
642,Auki,SB,2022-05-14 22:24:06,-8.7676,160.7034,81.81,77,51,1.07,broken clouds
643,Puerto Carreno,CO,2022-05-14 22:24:07,6.189,-67.4859,78.78,94,40,12.66,thunderstorm with light rain
644,Kaeo,NZ,2022-05-14 22:24:08,-35.1,173.7833,64.33,89,75,7.38,broken clouds
645,Vila Velha,BR,2022-05-14 22:24:10,-20.3297,-40.2925,78.75,65,75,8.05,broken clouds
646,Chifeng,CN,2022-05-14 22:24:11,42.2683,118.9636,46.89,49,1,7.9,clear sky
647,Scottsbluff,US,2022-05-14 22:24:12,41.8666,-103.6672,71.83,29,100,12.66,overcast clouds
648,Kardailovo,RU,2022-05-14 22:24:14,51.5386,53.9042,53.22,87,100,7.27,overcast clouds
649,Fort-Shevchenko,KZ,2022-05-14 22:24:15,44.5086,50.263,58.8,79,74,21.05,broken clouds
650,Natal,BR,2022-05-14 22:23:36,-5.795,-35.2094,79.45,94,20,6.91,few clouds
651,Dodge City,US,2022-05-14 22:21:03,37.7528,-100.0171,85.24,33,0,16.11,clear sky
652,Manaus,BR,2022-05-14 22:24:17,-3.1019,-60.025,82.89,83,75,6.91,moderate rain
653,Champerico,GT,2022-05-14 22:24:18,14.3,-91.9167,82.94,62,68,9.62,broken clouds
654,West Plains,US,2022-05-14 22:24:19,36.7281,-91.8524,76.08,82,40,5.75,thunderstorm
655,Libreville,GA,2022-05-14 22:24:20,0.3925,9.4537,79.93,85,100,6.13,light rain
656,Radviliskis,LT,2022-05-14 22:24:21,55.8167,23.5333,48.25,87,75,9.22,broken clouds
657,Jalu,LY,2022-05-14 22:24:22,29.0331,21.5482,71.01,42,0,13.15,clear sky
658,Bowen,AU,2022-05-14 22:24:23,-20.0167,148.2333,73.09,83,98,3.83,overcast clouds
659,Singaparna,ID,2022-05-14 22:24:24,-7.3515,108.111,72.57,96,99,1.12,light rain
660,Nchelenge,ZM,2022-05-14 22:24:24,-9.3451,28.734,66.29,69,1,5.3,clear sky
661,Nelson Bay,AU,2022-05-14 22:24:25,-32.7167,152.15,67.1,97,89,1.01,overcast clouds
662,Ivybridge,GB,2022-05-14 22:24:27,50.3904,-3.9191,54.32,88,97,3.98,moderate rain
663,Huilong,CN,2022-05-14 22:24:28,31.8111,121.655,61.93,62,100,1.03,overcast clouds
664,Mangan,IN,2022-05-14 22:24:29,27.5167,88.5333,72.27,86,86,3.24,overcast clouds
665,Kyabram,AU,2022-05-14 22:24:30,-36.3167,145.05,56.88,83,53,5.08,broken clouds
666,Rio Gallegos,AR,2022-05-14 22:21:44,-51.6226,-69.2181,44.65,76,20,8.05,few clouds
667,Pochutla,MX,2022-05-14 22:24:31,15.7432,-96.4661,88.83,49,91,7.92,overcast clouds
668,Lumphat,KH,2022-05-14 22:24:32,13.4878,106.9816,79.12,88,100,2.95,overcast clouds
669,Indianola,US,2022-05-14 22:19:53,41.3581,-93.5574,85.86,29,48,7.25,scattered clouds
670,Cuiluan,CN,2022-05-14 22:24:34,47.72,128.648,45.54,81,100,9.62,overcast clouds
671,Davila,PH,2022-05-14 22:24:35,18.4726,120.5763,78.78,77,79,2.19,broken clouds
672,Baykit,RU,2022-05-14 22:24:36,61.67,96.37,49.19,74,10,1.28,clear sky
673,Tiznit,MA,2022-05-14 22:24:36,29.5833,-9.5,67.01,64,78,2.66,broken clouds
674,Santiago,CL,2022-05-14 22:21:33,-33.4569,-70.6483,65.64,48,40,5.75,haze
675,Zhanakorgan,KZ,2022-05-14 22:24:38,43.9098,67.2495,62.91,59,21,5.39,few clouds
676,Impfondo,CG,2022-05-14 22:24:39,1.6381,18.0667,70.68,98,100,2.35,overcast clouds
677,Pangai,TO,2022-05-14 22:24:40,-19.8,-174.35,76.41,60,63,16.93,broken clouds
678,Batagay-Alyta,RU,2022-05-14 22:20:18,67.8006,130.4114,13.05,85,18,3.36,few clouds
679,Tautira,PF,2022-05-14 22:24:41,-17.7333,-149.15,80.13,69,3,15.77,clear sky
680,Coolum Beach,AU,2022-05-14 22:24:42,-26.5333,153.1,73.11,100,67,6.64,broken clouds
681,Zhezkazgan,KZ,2022-05-14 22:24:43,47.8043,67.7144,55.54,60,26,7.29,scattered clouds
682,Apiai,BR,2022-05-14 22:24:43,-24.5094,-48.8425,55.74,96,98,2.8,overcast clouds
683,Dukat,RU,2022-05-14 22:24:44,62.55,155.55,29.62,98,100,5.39,overcast clouds
684,Maryville,US,2022-05-14 22:24:45,35.7565,-83.9705,82.9,57,40,6.91,scattered clouds
685,Puerto Baquerizo Moreno,EC,2022-05-14 22:24:45,-0.9,-89.6,77.99,69,40,17.27,scattered clouds
686,Haverfordwest,GB,2022-05-14 22:24:46,51.8017,-4.9691,57.54,84,98,6.44,overcast clouds
687,Portici,IT,2022-05-14 22:24:47,40.8156,14.3372,64.81,92,0,3.44,clear sky
688,Cacu,BR,2022-05-14 22:24:48,-18.5567,-51.1308,72.23,71,73,2.24,broken clouds
689,Colon,PA,2022-05-14 22:24:48,9.3592,-79.9014,78.42,89,100,3.58,overcast clouds
690,Antofagasta,CL,2022-05-14 22:21:58,-23.65,-70.4,58.28,78,29,6.4,scattered clouds
691,Sakskobing,DK,2022-05-14 22:24:49,54.7997,11.626,49.08,81,32,11.59,scattered clouds
692,Tshane,BW,2022-05-14 22:24:51,-24.0196,21.8684,64.58,28,1,5.66,clear sky
693,Severo-Yeniseyskiy,RU,2022-05-14 22:24:52,60.3725,93.0408,46.04,79,100,3.36,overcast clouds
694,Avanigadda,IN,2022-05-14 22:24:53,16.0215,80.9181,84.02,82,20,5.61,few clouds
695,Viesite,LV,2022-05-14 22:24:55,56.3475,25.5551,45.81,97,100,7.76,overcast clouds
696,The Valley,AI,2022-05-14 22:24:56,18.217,-63.0578,80.74,69,40,17.27,scattered clouds
697,Vicosa,BR,2022-05-14 22:24:56,-20.7539,-42.8819,68.18,87,2,5.19,clear sky
698,Jishou,CN,2022-05-14 22:24:57,28.3167,109.7167,54.34,98,100,1.97,overcast clouds
699,Chipinge,ZW,2022-05-14 22:15:04,-20.1883,32.6236,54.9,79,0,3.31,clear sky
700,Viedma,AR,2022-05-14 22:24:59,-40.8135,-62.9967,50.5,56,2,13.18,clear sky
